{
  "items": [
    {
      "value": "Blocks",
      "html": "Blocks (blocks, is blocked by)",
      "label": "Blocks"
    },
    {
      "value": "Cloners",
      "html": "Cloners (clones, is cloned by)",
      "label": "Cloners"
    },
    {
      "value": "Duplicate",
      "html": "Duplicate (duplicates, is duplicated by)",
      "label": "Duplicate"
    },
    {
      "value": "Problem/Incident",
      "html": "Problem/Incident (causes, is caused by)",
      "label": "Problem/Incident"
    },
    {
      "value": "Relates",
      "html": "Relates (relates to, relates to)",
      "label": "Relates"
    }
  ],
  "total": 5,
  "footer": "Choose link type..."
}