<atlassian-plugin plugins-version="2">

    <macro-metadata-provider key="scriptMacroMetadataProvider" class="com.onresolve.scriptrunner.confluence.macro.ScriptMacroMetadataProvider" />

    <web-section key="scriptrunner-space-section"
                 i18n-name-key="item.groovy.runner.label"
                 location="system.space.tools" weight="200">
        <label key="scriptrunner.confluence.space.tool.section"/>
        <condition class="com.atlassian.confluence.plugin.descriptor.web.conditions.SpaceSidebarCondition"/>
        <condition class="com.atlassian.confluence.plugin.descriptor.web.conditions.SpacePermissionCondition">
            <param name="permission">administer</param>
        </condition>
    </web-section>

    <web-item key="space_script_endpoints_conf" name="Space-Tools Notifications Web-Item"
              section="system.space.tools/scriptrunner-space-section"
              weight="200">
        <condition class="com.onresolve.scriptrunner.confluence.SpaceFunctionalityCondition"/>
        <label key="scriptrunner.confluence.space.tool.item"/>
        <link linkId="space_script_endpoints_conf">
            /scriptrunner-confluence/space_admin/items.action?section=space_admin_builtin_scripts&amp;key=$generalUtil.urlEncode($helper.spaceKey)#/builtin
        </link>
    </web-item>

    <xwork name="SR Confluence Space Admin Action" key="space-admin-action">
        <description>Action for SR Confluence Space Admin</description>
        <package name="sr-conf-space-admin" extends="default" namespace="/scriptrunner-confluence/space_admin">
            <default-interceptor-ref name="validatingStack"/>
            <action name="items"
                    class="com.onresolve.scriptrunner.confluence.action.ConfluenceSpaceAdminAction"
                    method="fetchItems">
                <result name="success" type="velocity">/com/onresolve/scriptrunner/templates/vm/space-admin-items.vm
                </result>
                <result name="error" type="velocity">/com/onresolve/scriptrunner/templates/vm/space-admin-error.vm
                </result>
            </action>
        </package>
    </xwork>

    <web-section key="scriptrunner_section_conf" name="ScriptRunner Admin Section" location="system.admin"
                 i18n-name-key="item.groovy.runner.label" weight="150">
        <label key="item.groovy.runner.websection.label"/>
    </web-section>

    <!-- Enable browse page menu item-->
    <web-item key="scriptrunnerbrowse" name="ScriptRunner Browse" section="system.admin/scriptrunner_section_conf" weight="15" >
        <label key="item.script.runner.browse.label"/>
        <link linkId="scriptrunnerbrowse_link">/plugins/servlet/scriptrunner/admin/browse</link>
    </web-item>

    <web-item key="script_console_conf" name="Display Script Console Web Item"
              section="system.admin/scriptrunner_section_conf"
              weight="15">
        <label key="item.groovy.runner.label"/>
        <link linkId="script_console_conf">/plugins/servlet/scriptrunner/admin/console</link>
        <condition class="com.onresolve.scriptrunner.permissions.ScriptRunnerUseCondition" />
    </web-item>

    <web-item key="builtin_scripts_conf" name="Display Built-in Scripts Console Web Item"
              section="system.admin/scriptrunner_section_conf"
              weight="15">
        <label key="item.builtin.scripts.label"/>
        <link linkId="builtin_scripts_conf">/plugins/servlet/scriptrunner/admin/builtin</link>
    </web-item>

    <web-item key="confluence_events_conf" name="Display Event Handlers"
              section="system.admin/scriptrunner_section_conf"
              weight="15">
        <label key="item.confluence.events.label"/>
        <link linkId="confluence_events_conf">/plugins/servlet/scriptrunner/admin/listeners</link>
        <description>Manage script event handlers</description>
    </web-item>

    <web-item key="confluence_macros_conf" name="Display Macros" section="system.admin/scriptrunner_section_conf"
              weight="15">
        <label key="item.confluence.macros.label"/>
        <link linkId="confluence_macros_conf">/plugins/servlet/scriptrunner/admin/macros</link>
        <description>Manage script event handlers</description>
    </web-item>

    <web-item key="confluence_extractors_conf" name="Display Extractors"
              section="system.admin/scriptrunner_section_conf"
              weight="15">
        <label key="item.confluence.extractors.label"/>
        <link linkId="confluence_extractors_conf">/plugins/servlet/scriptrunner/admin/extractors</link>
        <description>Manage script extractors</description>
    </web-item>

    <web-item key="confluence_cql_functions_conf" name="Display CQL Functions"
              section="system.admin/scriptrunner_section_conf"
              weight="15">
        <label key="scriptrunner.confluence.cql.functions.label"/>
        <link linkId="confluence_cql_functions_conf">/plugins/servlet/scriptrunner/admin/cqlfunctions</link>
        <description>Manage script cql functions</description>
    </web-item>

    <web-item key="fragments_conf" name="Display Fragments" section="system.admin/scriptrunner_section_conf"
              weight="15">
        <label key="item.fragments.label"/>
        <link linkId="fragments_conf">/plugins/servlet/scriptrunner/admin/fragments</link>
        <description>Manage fragments</description>
    </web-item>

    <web-item key="scheduled_jobs_conf" name="Display Scheduled Jobs" section="system.admin/scriptrunner_section_conf"
              weight="15">
        <label key="item.script_jobs.label"/>
        <link linkId="scheduled_jobs_conf">/plugins/servlet/scriptrunner/admin/jobs</link>
        <description>Manage scheduled jobs</description>
    </web-item>

    <web-item key="sr_confluence_permissions_conf" name="SR Confluence Permissions"
              section="system.admin/scriptrunner_section_conf"
              weight="15">
        <label key="scriptrunner.confluence.permissions.label"/>
        <link linkId="sr_confluence_permissions_conf">
            /plugins/servlet/scriptrunner/admin/permissions
        </link>
        <description>Manage permissions for ScriptRunner</description>
    </web-item>

    <web-item key="script_endpoints_conf" name="Display Endpoints Box" section="system.admin/scriptrunner_section_conf"
              weight="20">
        <label key="item.script.endpoints.label"/>
        <link linkId="script_endpoints_conf">/plugins/servlet/scriptrunner/admin/restendpoints</link>
    </web-item>


    <web-item key="resources" name="Display Resources" section="system.admin/scriptrunner_section_conf" weight="21">
        <label key="item.script.resources.label"/>
        <link linkId="resources">/plugins/servlet/scriptrunner/admin/resources</link>
        <description>Manage connections to databases</description>
    </web-item>

<!--
    <web-item key="scripteditor" name="Display Script Editor Web Item" section="system.admin/scriptrunner_section_conf"
              weight="25" >
        <label key="item.script.runner.editor.label"/>
        <link linkId="scriptEditor">/plugins/servlet/scriptrunner/admin/scriptEditor</link>
        <condition class="com.onresolve.scriptrunner.permissions.ScriptRunnerUseCondition" />
    </web-item>
-->

    <web-item key="scriptrunnersettings" name="ScriptRunner Settings" section="system.admin/scriptrunner_section_conf"
              weight="30" >
        <label key="item.script.runner.settings.label"/>
        <link linkId="scriptrunnersettings_link">/plugins/servlet/scriptrunner/admin/settings</link>
        <condition class="com.atlassian.confluence.plugin.descriptor.web.conditions.SystemAdministratorCondition"/>
    </web-item>

    <!-- part of path after "rest" in /confluence/rest/scriptrunner/latest/exec -->
    <rest name="ScriptRunner REST Resource - Confluence"
          key="scriptrunner-rest-resource-confluence"
          path="/scriptrunner-confluence"
          version="1.0">
        <description>ScriptRunner REST resource - Confluence</description>
        <package>com.onresolve.scriptrunner.filters</package>
        <package>com.onresolve.scriptrunner.runner.rest.confluence</package>
    </rest>

    <extractor name="Script Extractor"
               key="scriptExtractor"
               class="com.onresolve.scriptrunner.canned.confluence.extractors.ScriptExtractor"
               priority="900">
        <description>Extractor for ScriptRunner for Confluence</description>
    </extractor>

    <web-resource key="images-resources">
        <context>editor</context>
        <dependency>com.atlassian.confluence.tinymceplugin:editor-resources</dependency>
        <resource type="download" name="images/" location="images/"/>
    </web-resource>

    <web-resource key="sr-cofluence-permissions-resource">
        <dependency>com.atlassian.auiplugin:aui-select2</dependency>
        <resource type="download" name="sr-confluence-permissions.css"
                  location="css/confluence/sr-confluence-permissions.css"/>
        <context>admin</context>
    </web-resource>

    <!-- Create Page -->
    <rest name="Create Page HTTP Resource"
          key="create-page-http"
          path="/create-page"
          version="1.0">
        <description>Create page REST service</description>
        <package>com.adaptavist.confluence.createpage.rest</package>
    </rest>

    <xwork name="createandviewpageaction" key="createandviewpageaction">
        <package name="createandviewpageaction" extends="default" namespace="/plugins/createpage">
            <default-interceptor-ref name="defaultStack"/>
            <action name="createandviewpage" class="com.adaptavist.confluence.createpage.CreateAndViewPageAction">
                <result name="View" type="redirect">/pages/viewpage.action?pageId=${pageId}</result>
                <result name="Edit" type="redirect">/pages/editpage.action?pageId=${pageId}</result>
                <result name="error" type="redirect">/pages/viewpage.action?pageId=${parentId}</result>
                <result name="pageAlreadySaved"
                        type="redirect">/pages/viewpage.action?pageId=${pageId}&amp;pageAlreadySaved=true
                </result>
                <result name="openedInANewTab"
                        type="redirect">/pages/viewpage.action?pageId=${pageId}&amp;openedInANewTab=true
                </result>
                <result name="noPermissionsOnFromPage"
                        type="redirect">/pages/viewpage.action?pageId=${parentId}&amp;noPermissionsOnFromPage=true
                </result>
            </action>
        </package>
    </xwork>
    <!-- /Create Page -->

</atlassian-plugin>
