{
  "/builtin/exec/com.onresolve.scriptrunner.canned.confluence.admin.SpaceStats": {
    "tags": ["organise", "storage"]
  },
  "/builtin/exec/com.onresolve.scriptrunner.canned.confluence.admin.CopySpace": {
    "tags": ["organise"]
  },
  "/builtin/exec/com.onresolve.scriptrunner.canned.confluence.admin.CopyTree": {
    "tags": ["organise"]
  },
  "/builtin/exec/com.onresolve.scriptrunner.canned.confluence.admin.TreeDelete": {
    "tags": ["organise", "storage"]
  },
  "/builtin/exec/com.onresolve.scriptrunner.canned.confluence.admin.RenameScript": {
    "tags": ["organise"]
  },
  "/builtin/exec/com.onresolve.scriptrunner.canned.confluence.admin.PageInheritPermissions": {
    "tags": ["organise"]
  },
  "/builtin/exec/com.onresolve.scriptrunner.canned.confluence.admin.AddPageRestrictions": {
    "tags": ["organise"]
  },
  "/builtin/exec/com.onresolve.scriptrunner.canned.confluence.admin.ChangeContentAuthor": {
    "tags": ["organise"]
  },
  "/builtin/exec/com.onresolve.scriptrunner.canned.confluence.admin.NonWikiLinkConverter": {
    "tags": ["organise"]
  },
  "/builtin/exec/com.onresolve.scriptrunner.canned.confluence.admin.BulkAddRemoveLabels": {
    "tags": ["organise"]
  },
  "/builtin/exec/com.onresolve.scriptrunner.canned.confluence.admin.RenameLabels": {
    "tags": ["organise"]
  },
  "/builtin/exec/com.onresolve.scriptrunner.canned.confluence.admin.BulkDeleteComments": {
    "tags": ["organise", "storage"]
  },
  "/macros#lockContent": {
    "tags": ["organise"]
  },
  "/macros#mugshotGallery": {
    "tags": ["organise"]
  },
  "/macros#cqlSearch": {
    "tags": ["organise"]
  },
  "/macros#currencyConverter": {
    "tags": ["organise"]
  },
  "/macros": {
    "tags": ["organise", "customise"]
  },
  "jobs/add/com.onresolve.scriptrunner.canned.confluence.jobs.TimedArchivalNotification.groovy": {
    "tags": ["organise"]
  },
  "/builtin/exec/com.onresolve.scriptrunner.canned.confluence.admin.BulkDeleteAttachments": {
    "tags": ["organise", "storage"]
  },
  "/builtin/exec/com.onresolve.scriptrunner.canned.confluence.admin.BulkEmptyTrash": {
    "tags": ["storage"]
  },
  "/jobs/add/com.onresolve.scriptrunner.canned.confluence.jobs.PruneOldPageVersions": {
    "tags": ["storage"]
  },
  "/builtin/exec/com.onresolve.scriptrunner.canned.confluence.admin.XPathSearcher": {
    "tags": ["storage"]
  },
  "/builtin/exec/com.onresolve.scriptrunner.canned.confluence.admin.SwitchUser": {
    "tags": ["support"]
  },
  "/builtin/exec/com.onresolve.scriptrunner.canned.common.admin.LogFileViewer": {
    "tags": ["support"]
  },
  "/builtin/exec/com.onresolve.scriptrunner.canned.common.admin.ConfigurationExporter": {
    "tags": ["support"]
  },
  "/builtin/exec/com.onresolve.scriptrunner.canned.common.admin.ListScheduledJobs": {
    "tags": ["support"]
  },
  "/extractors": {
    "tags": ["support"]
  },
  "/macros/add/com.onresolve.scriptrunner.canned.confluence.macros.CustomScriptMacro": {
    "tags": ["customise"]
  },
  "/console": {
    "tags": ["customise"]
  },
  "/builtin/exec/com.onresolve.scriptrunner.canned.common.admin.RunUnitTests": {
    "tags": ["customise"]
  },
  "/fragments/add/com.onresolve.scriptrunner.canned.common.fragments.CustomWebResource": {
    "tags": ["customise"]
  },
  "/fragments/add/com.onresolve.scriptrunner.canned.common.fragments.CustomRawXmlDescriptorScript": {
    "tags": ["customise"]
  },
  "/fragments/add/com.onresolve.scriptrunner.canned.common.fragments.CustomWebSection": {
    "tags": ["customise"]
  },
  "/fragments/add/com.onresolve.scriptrunner.canned.confluence.fragments.CustomWebPanel": {
    "tags": ["customise"]
  },
  "/fragments/add/com.onresolve.scriptrunner.canned.confluence.fragments.CustomWebItem": {
    "tags": ["customise"]
  },
  "/jobs/add/com.onresolve.scriptrunner.canned.confluence.jobs.CustomScheduledJob": {
    "tags": ["customise"]
  },
  "/jobs/add/com.onresolve.scriptrunner.canned.confluence.jobs.CqlEscalationService": {
    "tags": ["customise"]
  },
  "/fragments/add/com.onresolve.scriptrunner.canned.confluence.fragments.HideUIElement": {
    "tags": ["customise"]
  },
  "/listeners": {
    "tags": ["customise"]
  },
  "/restendpoints/add/com.onresolve.scriptrunner.canned.common.rest.CustomRestEndpoint": {
    "tags": ["customise"]
  },
  "/cqlfunctions": {
    "tags": ["customise"]
  },
  "/cqlfunctions/add/com.onresolve.scriptrunner.canned.confluence.cql.functions.SimpleScriptedCqlFunctionHandler": {
    "tags": ["customise"]
  },
  "/builtin/exec/com.onresolve.scriptrunner.canned.common.admin.TransformationsCannedScript": {
    "tags": ["support"]
  },
  "/permissions/exec/com.onresolve.scriptrunner.canned.confluence.permissions.SimpleScriptedSpaceAdminPermissionHandler": {
    "tags": ["customise"]
  },
  "/listeners/add/com.onresolve.scriptrunner.canned.confluence.events.ConfluenceRemoteCustomListener": {
    "tags": ["customise"]
  },
  "/extractors/add/com.onresolve.scriptrunner.canned.confluence.extractors.SimpleScriptedExtractorHandler": {
    "tags": ["customise"]
  },
  "/listeners/add/com.onresolve.scriptrunner.canned.confluence.events.ConfluenceRemoteEventHandlerDispatcher": {
    "tags": ["customise"]
  },
  "/listeners/add/com.onresolve.scriptrunner.canned.confluence.events.SimpleScriptedEventHandler": {
    "tags": ["customise"]
  }
 }