{
  "/restendpoints/add/com.onresolve.scriptrunner.canned.common.rest.CustomRestEndpoint": {
    "tags": [
      "extend",
      "customise"
    ]
  },
  "/scriptfields/add/com.onresolve.scriptrunner.canned.jira.fields.CustomCannedScriptField": {
    "tags": [
      "extend",
      "customise",
      "fields"
    ]
  },
  "/scriptfields/add/com.onresolve.scriptrunner.canned.jira.fields.DateOfFirstTransitionScriptField": {
    "tags": [
      "extend",
      "fields",
      "workflow"
    ]
  },
  "/scriptfields/add/com.onresolve.scriptrunner.canned.jira.fields.NoOfTimesInStatusScriptField": {
    "tags": [
      "extend",
      "fields",
      "workflow"
    ]
  },
  "/scriptfields/add/com.onresolve.scriptrunner.canned.jira.fields.ParentIssueScriptField": {
    "tags": [
      "extend",
      "issue",
      "fields",
      "reporting"
    ]
  },
  "/scriptfields/add/com.onresolve.scriptrunner.canned.jira.fields.TimeOfLastStatusChangeScriptField": {
    "tags": [
      "extend",
      "fields",
      "workflow"
    ]
  },
  "/listeners/add/com.onresolve.scriptrunner.canned.jira.workflow.listeners.CustomListener": {
    "tags": [
      "automate",
      "customise"
    ]
  },
  "/listeners/add/com.onresolve.scriptrunner.canned.jira.workflow.listeners.JiraRemoteCustomListener": {
    "tags": [
      "customise"
    ]
  },
  "/listeners/add/com.onresolve.scriptrunner.canned.jira.workflow.postfunctions.PostMessageToChatService": {
    "tags": [
      "automate",
      "email"
    ]
  },

  "/listeners/add/com.onresolve.scriptrunner.canned.jira.workflow.listeners.VersionSynchroniseListener": {
    "tags": [
      "automate",
      "project"
    ]
  },
  "/listeners/add/com.onresolve.scriptrunner.canned.jira.workflow.postfunctions.AddWatcher": {
    "tags": [
      "automate",
      "user",
      "issue"
    ]
  },
  "/listeners/add/com.onresolve.scriptrunner.canned.jira.workflow.postfunctions.CloneIssue": {
    "tags": [
      "automate",
      "issue",
      "workflow",
      "fields"
    ]
  },
  "/listeners/add/com.onresolve.scriptrunner.canned.jira.workflow.postfunctions.CreateSubTask": {
    "tags": [
      "automate",
      "issue",
      "workflow"
    ]
  },
  "/listeners/add/com.onresolve.scriptrunner.canned.jira.workflow.postfunctions.FasttrackTransition": {
    "tags": [
      "automate",
      "issue",
      "workflow"
    ]
  },
  "/listeners/add/com.onresolve.scriptrunner.canned.jira.workflow.postfunctions.mail.SendCustomEmail": {
    "tags": [
      "automate",
      "email",
      "issue",
      "workflow"
    ]
  },
  "/listeners/add/com.onresolve.scriptrunner.canned.jira.workflow.listeners.SendCustomEmailForNonIssueEvent": {
    "tags": [
      "automate",
      "email"
    ]
  },
  "/fragments/add/com.onresolve.scriptrunner.canned.common.fragments.CustomRawXmlDescriptorScript": {
    "tags": [
      "customise",
      "UI"
    ]
  },
  "/fragments/add/com.onresolve.scriptrunner.canned.common.fragments.CustomWebResource": {
    "tags": [
      "customise",
      "UI"
    ]
  },
  "/fragments/add/com.onresolve.scriptrunner.canned.common.fragments.CustomWebSection": {
    "tags": [
      "customise",
      "UI"
    ]
  },
  "/fragments/add/com.onresolve.scriptrunner.canned.jira.fragments.CreateConstrainedIssueWebItem": {
    "tags": [
      "customise",
      "issue",
      "UI"
    ]
  },
  "/fragments/add/com.onresolve.scriptrunner.canned.jira.fragments.CustomWebItem": {
    "tags": [
      "customise",
      "UI"
    ]
  },
  "/fragments/add/com.onresolve.scriptrunner.canned.jira.fragments.CustomWebItemProvider": {
    "tags": [
      "customise",
      "UI"
    ]
  },
  "/fragments/add/com.onresolve.scriptrunner.canned.jira.fragments.CustomWebPanel": {
    "tags": [
      "customise",
      "UI"
    ]
  },
  "/fragments/add/com.onresolve.scriptrunner.canned.jira.fragments.HideUIElement": {
    "tags": [
      "customise",
      "UI"
    ]
  },
  "/builtin/exec/com.onresolve.scriptrunner.canned.jira.admin.BulkFixResolutions": {
    "tags": [
      "administer",
      "project",
      "issue"
    ]
  },
  "/builtin/exec/com.onresolve.scriptrunner.canned.jira.admin.BulkImportCustomFieldValues": {
    "tags": [
      "administer",
      "fields"
    ]
  },
  "/builtin/exec/com.onresolve.scriptrunner.canned.jira.admin.ChangeSharedEntityOwnership": {
    "tags": [
      "administer",
      "user",
      "reporting"
    ]
  },
  "/builtin/exec/com.onresolve.scriptrunner.canned.jira.admin.ClearCaches": {
    "tags": [
      "administer",
      "system"
    ]
  },
  "/builtin/exec/com.onresolve.scriptrunner.canned.jira.admin.ConfigExporter": {
    "tags": [
      "administer",
      "system"
    ]
  },
  "/builtin/exec/com.onresolve.scriptrunner.canned.jira.admin.CopyCustomField": {
    "tags": [
      "administer",
      "issue",
      "fields"
    ]
  },
  "/builtin/exec/com.onresolve.scriptrunner.canned.jira.admin.CopyProject": {
    "tags": [
      "administer",
      "project"
    ]
  },
  "/builtin/exec/com.onresolve.scriptrunner.canned.jira.admin.IssueEventGenerator": {
    "tags": [
      "administer",
      "system"
    ]
  },
  "/builtin/exec/com.onresolve.scriptrunner.canned.jira.admin.ReindexIssues": {
    "tags": [
      "administer",
      "issue",
      "system"
    ]
  },
  "/builtin/exec/com.onresolve.scriptrunner.canned.jira.admin.ScriptRegistry": {
    "tags": [
      "administer",
      "system"
    ]
  },
  "/builtin/exec/com.onresolve.scriptrunner.canned.jira.admin.ServiceDeskBulkCopySLA": {
    "tags": [
      "administer",
      "project",
      "reporting"
    ]
  },
  "/builtin/exec/com.onresolve.scriptrunner.canned.jira.admin.SplitCustomFieldContext": {
    "tags": [
      "administer",
      "project",
      "fields"
    ]
  },
  "/builtin/exec/com.onresolve.scriptrunner.canned.jira.admin.SwitchUser": {
    "tags": [
      "administer",
      "user"
    ]
  },
  "/builtin/exec/com.onresolve.scriptrunner.canned.common.admin.ConfigurationExporter": {
    "tags": [
      "customise",
      "system"
    ]
  },
  "/builtin/exec/com.onresolve.scriptrunner.canned.common.admin.ListScheduledJobs": {
    "tags": [
      "administer",
      "reporting",
      "system"
    ]
  },
  "/builtin/exec/com.onresolve.scriptrunner.canned.common.admin.LogFileViewer": {
    "tags": [
      "administer",
      "system"
    ]
  },
  "/builtin/exec/com.onresolve.scriptrunner.canned.common.admin.RunUnitTests": {
    "tags": [
      "administer",
      "system"
    ]
  },
  "/jobs/add/com.onresolve.scriptrunner.canned.jira.jobs.EscalationService": {
    "tags": [
      "automate",
      "issue"
    ]
  },
  "/jobs/add/com.onresolve.scriptrunner.canned.jira.jobs.JiraCustomScheduledJob": {
    "tags": [
      "automate"
    ]
  },
  "/listeners/add/com.onresolve.scriptrunner.canned.jira.workflow.postfunctions.FireEventWhen": {
    "tags": [
      "automate",
      "system"
    ]
  },
  "/scriptfields/add/com.onresolve.scriptrunner.canned.jira.fields.IssuePickerCannedFieldConfig": {
    "tags": [
      "extend",
      "issue",
      "fields"
    ]
  },
  "/scriptfields/add/com.onresolve.scriptrunner.canned.jira.fields.RemoteIssuePickerCannedFieldConfig": {
    "tags": [
      "extend",
      "issue",
      "fields"
    ]
  },
  "/scriptfields/add/com.onresolve.scriptrunner.canned.jira.fields.editable.database.DbPickerCannedField": {
    "tags": [
      "extend",
      "automate",
      "fields"
    ]
  },
  "/resources/add/com.onresolve.scriptrunner.canned.db.ExternalDatabaseConnection": {
    "tags": [
      "extend",
      "automate"
    ]
  },
  "/resources/add/com.onresolve.scriptrunner.canned.db.LocalDatabaseConnection": {
    "tags": [
      "extend",
      "automate"
    ]
  },
  "/builtin/add/com.onresolve.scriptrunner.canned.jira.admin.EditCannedComments": {
    "tags": [
      "automate",
      "fields"
    ]
  },
  "/listeners/add/com.onresolve.scriptrunner.canned.jira.workflow.listeners.JiraRemoteEventHandlerDispatcher": {
    "tags": [
      "extend",
      "automate"
    ]
  },
  "/listeners/add/com.onresolve.scriptrunner.canned.jira.workflow.postfunctions.SendCustomEmail": {
    "tags": [
      "automate"
    ]
  },
  "/fragments/add/com.onresolve.scriptrunner.canned.jira.fragments.PlanningBoardContextMenuItem": {
    "tags": [
      "customise",
      "ui"
    ]
  }
}
