{
  "size": 3,
  "start": 4,
  "limit": 4,
  "isLastPage": true,
  "_links": {
    "base": "http://localhost:8080/jira",
    "context": "/jira",
    "prev": "http://localhost:8080/jira/rest/servicedeskapi/servicedesk/1/requesttype?limit=4&start=0",
    "self": "http://localhost:8080/jira/rest/servicedeskapi/servicedesk/1/requesttype?limit=4&start=4"
  },
  "values": [
    {
      "id": "5",
      "_links": {
        "self": "http://localhost:8080/jira/rest/servicedeskapi/servicedesk/1/requesttype/5"
      },
      "name": "New employee",
      "description": "Onboard a new hire.",
      "helpText": "",
      "serviceDeskId": "1",
      "groupIds": [
        "1"
      ],
      "icon": {
        "id": "10531",
        "_links": {
          "iconUrls": {
            "48x48": "http://localhost:8080/jira/secure/viewavatar?avatarType=SD_REQTYPE&size=large&avatarId=10531",
            "24x24": "http://localhost:8080/jira/secure/viewavatar?avatarType=SD_REQTYPE&size=small&avatarId=10531",
            "16x16": "http://localhost:8080/jira/secure/viewavatar?avatarType=SD_REQTYPE&size=xsmall&avatarId=10531",
            "32x32": "http://localhost:8080/jira/secure/viewavatar?avatarType=SD_REQTYPE&size=medium&avatarId=10531"
          }
        }
      }
    },
    {
      "id": "6",
      "_links": {
        "self": "http://localhost:8080/jira/rest/servicedeskapi/servicedesk/1/requesttype/6"
      },
      "name": "Travel request",
      "description": "Got travel plans? Start the process here.",
      "helpText": "",
      "serviceDeskId": "1",
      "groupIds": [
        "2"
      ],
      "icon": {
        "id": "10515",
        "_links": {
          "iconUrls": {
            "48x48": "http://localhost:8080/jira/secure/viewavatar?avatarType=SD_REQTYPE&size=large&avatarId=10515",
            "24x24": "http://localhost:8080/jira/secure/viewavatar?avatarType=SD_REQTYPE&size=small&avatarId=10515",
            "16x16": "http://localhost:8080/jira/secure/viewavatar?avatarType=SD_REQTYPE&size=xsmall&avatarId=10515",
            "32x32": "http://localhost:8080/jira/secure/viewavatar?avatarType=SD_REQTYPE&size=medium&avatarId=10515"
          }
        }
      }
    },
    {
      "id": "7",
      "_links": {
        "self": "http://localhost:8080/jira/rest/servicedeskapi/servicedesk/1/requesttype/7"
      },
      "name": "Purchase over $100",
      "description": "Order something big, like a new phone. Purchases over $100 require approval.",
      "helpText": "",
      "serviceDeskId": "1",
      "groupIds": [
        "2"
      ],
      "icon": {
        "id": "10536",
        "_links": {
          "iconUrls": {
            "48x48": "http://localhost:8080/jira/secure/viewavatar?avatarType=SD_REQTYPE&size=large&avatarId=10536",
            "24x24": "http://localhost:8080/jira/secure/viewavatar?avatarType=SD_REQTYPE&size=small&avatarId=10536",
            "16x16": "http://localhost:8080/jira/secure/viewavatar?avatarType=SD_REQTYPE&size=xsmall&avatarId=10536",
            "32x32": "http://localhost:8080/jira/secure/viewavatar?avatarType=SD_REQTYPE&size=medium&avatarId=10536"
          }
        }
      }
    }
  ]
}