<atlassian-plugin plugins-version="2">

    <web-section key="scriptrunner_section_conf" name="ScriptRunner Admin Section" location="system.admin"
                 i18n-name-key="item.groovy.runner.label"  weight="150" >
        <label key="item.groovy.runner.websection.label" />
    </web-section>

    <web-item key="scriptrunner_item" name="ScriptRunner" section="system.admin/scriptrunner_section_conf" weight="20">
        <label key="item.groovy.runner.websection.label"/>
        <link linkId="scriptrunner_unlicensed">/plugins/servlet/scriptrunner/unlicensed</link>
    </web-item>

</atlassian-plugin>
