<atlassian-plugin plugins-version="2">

    <servlet name="Project Servlet" key="project-servlet" class="com.onresolve.scriptrunner.runner.ScriptRunnerServlet">
        <description key="project-servlet.description">The Project Servlet Plugin</description>
        <url-pattern>/scriptrunner/admin/*</url-pattern>
        <url-pattern>/scriptrunner/projectadmin/*</url-pattern>
        <url-pattern>/scriptrunner/repoadmin/*</url-pattern>
    </servlet>

    <servlet name="Legacy Redirect Servlet" key="legacy-redirect-servlet" class="com.onresolve.scriptrunner.runner.LegacyRedirectServlet">
        <description key="project-servlet.description">Legacy Servlet Redirect</description>
        <url-pattern>/scriptrunner/builtin</url-pattern>
    </servlet>

    <servlet name="View AST Servlet" key="view-ast-servlet" class="com.onresolve.scriptrunner.runner.ViewAstServlet">
        <description key="project-servlet.description">View AST Servlet</description>
        <url-pattern>/scriptrunner/viewast</url-pattern>
    </servlet>

    <rest name="ScriptRunner REST Resource - Common"
          key="scriptrunner-rest-resource-common"
          path="/scriptrunner"
          version="1.0">
        <description>ScriptRunner REST resource - Common</description>
        <package>com.onresolve.scriptrunner.filters</package>
        <package>com.onresolve.scriptrunner.runner.rest.common</package>
        <package>com.onresolve.scriptrunner.user.properties.rest</package>
        <package>com.onresolve.scriptrunner.features.rest</package>
    </rest>

</atlassian-plugin>
