<bundles>
  <web-resource key="split_vendor">
    <dependency>com.atlassian.plugins.atlassian-plugins-webresource-rest:web-resource-manager</dependency>
    <dependency>com.atlassian.plugins.atlassian-plugins-webresource-plugin:context-path</dependency>
    <resource type="download" name="vendor.css" location="js/vendor.css"/>
    <resource type="download" name="vendor.5a2d2d193d0280877fd9.js" location="js/vendor.5a2d2d193d0280877fd9.js"/>
    <resource type="download" name="node_modules/jquery.fancytree/dist/skin-win7/icons-rtl-bbd31d4b.gif" location="js/node_modules/jquery.fancytree/dist/skin-win7/icons-rtl-bbd31d4b.gif"/>
    <resource type="download" name="node_modules/jquery.fancytree/dist/skin-win7/icons-31fff8ba.gif" location="js/node_modules/jquery.fancytree/dist/skin-win7/icons-31fff8ba.gif"/>
    <resource type="download" name="node_modules/jquery.fancytree/dist/skin-win7/vline-rtl-4f2a6ae3.gif" location="js/node_modules/jquery.fancytree/dist/skin-win7/vline-rtl-4f2a6ae3.gif"/>
  </web-resource>
  <web-resource key="split_0">
    <dependency>com.atlassian.plugins.atlassian-plugins-webresource-rest:web-resource-manager</dependency>
    <dependency>com.atlassian.plugins.atlassian-plugins-webresource-plugin:context-path</dependency>
    <dependency>com.onresolve.jira.groovy.groovyrunner:directIdeaIntegration</dependency>
    <resource type="download" name="0.css" location="js/0.css"/>
    <resource type="download" name="0.5a2d2d193d0280877fd9.js" location="js/0.5a2d2d193d0280877fd9.js"/>
    <resource type="download" name="src/main/resources/images/compiler/error-222cc7c1.png" location="js/src/main/resources/images/compiler/error-222cc7c1.png"/>
    <resource type="download" name="src/main/resources/images/compiler/ok-2ff5099e.png" location="js/src/main/resources/images/compiler/ok-2ff5099e.png"/>
    <resource type="download" name="src/main/resources/images/compiler/warning-b8542494.png" location="js/src/main/resources/images/compiler/warning-b8542494.png"/>
    <resource type="download" name="src/main/resources/images/ij-8ec1efdd.svg" location="js/src/main/resources/images/ij-8ec1efdd.svg">
      <param name="content-type" value="image/svg+xml"/>
    </resource>
  </web-resource>
  <web-resource key="split_1">
    <dependency>com.atlassian.plugins.atlassian-plugins-webresource-rest:web-resource-manager</dependency>
    <dependency>com.atlassian.plugins.atlassian-plugins-webresource-plugin:context-path</dependency>
    <dependency>com.atlassian.auiplugin:aui-select2</dependency>
    <dependency>jira.webresources:util</dependency>
    <resource type="download" name="1.5a2d2d193d0280877fd9.js" location="js/1.5a2d2d193d0280877fd9.js"/>
  </web-resource>
  <web-resource key="split_2">
    <dependency>com.atlassian.plugins.atlassian-plugins-webresource-rest:web-resource-manager</dependency>
    <dependency>com.atlassian.plugins.atlassian-plugins-webresource-plugin:context-path</dependency>
    <dependency>com.onresolve.jira.groovy.groovyrunner:directIdeaIntegration</dependency>
    <resource type="download" name="2.5a2d2d193d0280877fd9.js" location="js/2.5a2d2d193d0280877fd9.js"/>
  </web-resource>
  <web-resource key="common-javascript" name="common-javascript">
    <dependency>com.atlassian.plugins.atlassian-plugins-webresource-rest:web-resource-manager</dependency>
    <dependency>com.atlassian.plugins.atlassian-plugins-webresource-plugin:context-path</dependency>
    <dependency>com.onresolve.jira.groovy.groovyrunner:split_vendor</dependency>
    <resource type="download" name="commonJavascript.5a2d2d193d0280877fd9.js" location="js/commonJavascript.5a2d2d193d0280877fd9.js"/>
    <resource type="download" name="node_modules/jquery.fancytree/dist/skin-win7/icons-rtl-bbd31d4b.gif" location="js/node_modules/jquery.fancytree/dist/skin-win7/icons-rtl-bbd31d4b.gif"/>
    <resource type="download" name="node_modules/jquery.fancytree/dist/skin-win7/icons-31fff8ba.gif" location="js/node_modules/jquery.fancytree/dist/skin-win7/icons-31fff8ba.gif"/>
    <resource type="download" name="node_modules/jquery.fancytree/dist/skin-win7/vline-rtl-4f2a6ae3.gif" location="js/node_modules/jquery.fancytree/dist/skin-win7/vline-rtl-4f2a6ae3.gif"/>
  </web-resource>
  <web-resource key="codemirror" name="CodeMirror">
    <dependency>com.atlassian.plugins.atlassian-plugins-webresource-rest:web-resource-manager</dependency>
    <dependency>com.atlassian.plugins.atlassian-plugins-webresource-plugin:context-path</dependency>
    <dependency>com.onresolve.jira.groovy.groovyrunner:split_vendor</dependency>
    <resource type="download" name="codemirror.css" location="js/codemirror.css"/>
    <resource type="download" name="codemirror.5a2d2d193d0280877fd9.js" location="js/codemirror.5a2d2d193d0280877fd9.js"/>
    <resource type="download" name="node_modules/jquery.fancytree/dist/skin-win7/icons-rtl-bbd31d4b.gif" location="js/node_modules/jquery.fancytree/dist/skin-win7/icons-rtl-bbd31d4b.gif"/>
    <resource type="download" name="node_modules/jquery.fancytree/dist/skin-win7/icons-31fff8ba.gif" location="js/node_modules/jquery.fancytree/dist/skin-win7/icons-31fff8ba.gif"/>
    <resource type="download" name="node_modules/jquery.fancytree/dist/skin-win7/vline-rtl-4f2a6ae3.gif" location="js/node_modules/jquery.fancytree/dist/skin-win7/vline-rtl-4f2a6ae3.gif"/>
  </web-resource>
  <web-resource key="audit-log-resource" name="Resource for ScriptRunner audit log">
    <context>atl.admin</context>
    <dependency>com.atlassian.plugins.atlassian-plugins-webresource-rest:web-resource-manager</dependency>
    <dependency>com.atlassian.plugins.atlassian-plugins-webresource-plugin:context-path</dependency>
    <dependency>com.onresolve.jira.groovy.groovyrunner:split_vendor</dependency>
    <resource type="download" name="auditLogResource.css" location="js/auditLogResource.css"/>
    <resource type="download" name="auditLogResource.5a2d2d193d0280877fd9.js" location="js/auditLogResource.5a2d2d193d0280877fd9.js"/>
    <resource type="download" name="node_modules/jquery.fancytree/dist/skin-win7/icons-rtl-bbd31d4b.gif" location="js/node_modules/jquery.fancytree/dist/skin-win7/icons-rtl-bbd31d4b.gif"/>
    <resource type="download" name="node_modules/jquery.fancytree/dist/skin-win7/icons-31fff8ba.gif" location="js/node_modules/jquery.fancytree/dist/skin-win7/icons-31fff8ba.gif"/>
    <resource type="download" name="node_modules/jquery.fancytree/dist/skin-win7/vline-rtl-4f2a6ae3.gif" location="js/node_modules/jquery.fancytree/dist/skin-win7/vline-rtl-4f2a6ae3.gif"/>
  </web-resource>
  <web-resource key="adminPluginResources" name="adminPluginResources">
    <dependency>com.atlassian.plugins.atlassian-plugins-webresource-rest:web-resource-manager</dependency>
    <dependency>com.atlassian.plugins.atlassian-plugins-webresource-plugin:context-path</dependency>
    <dependency>com.atlassian.auiplugin:dialog2</dependency>
    <dependency>com.atlassian.auiplugin:aui-select2</dependency>
    <dependency>com.onresolve.jira.groovy.groovyrunner:split_vendor</dependency>
    <dependency>com.onresolve.jira.groovy.groovyrunner:split_0</dependency>
    <resource type="download" name="adminPluginResources.css" location="js/adminPluginResources.css"/>
    <resource type="download" name="adminPluginResources.5a2d2d193d0280877fd9.js" location="js/adminPluginResources.5a2d2d193d0280877fd9.js"/>
    <resource type="download" name="node_modules/jquery.fancytree/dist/skin-win7/icons-rtl-bbd31d4b.gif" location="js/node_modules/jquery.fancytree/dist/skin-win7/icons-rtl-bbd31d4b.gif"/>
    <resource type="download" name="node_modules/jquery.fancytree/dist/skin-win7/icons-31fff8ba.gif" location="js/node_modules/jquery.fancytree/dist/skin-win7/icons-31fff8ba.gif"/>
    <resource type="download" name="node_modules/jquery.fancytree/dist/skin-win7/vline-rtl-4f2a6ae3.gif" location="js/node_modules/jquery.fancytree/dist/skin-win7/vline-rtl-4f2a6ae3.gif"/>
    <resource type="download" name="src/main/resources/images/compiler/error-222cc7c1.png" location="js/src/main/resources/images/compiler/error-222cc7c1.png"/>
    <resource type="download" name="src/main/resources/images/compiler/ok-2ff5099e.png" location="js/src/main/resources/images/compiler/ok-2ff5099e.png"/>
    <resource type="download" name="src/main/resources/images/compiler/warning-b8542494.png" location="js/src/main/resources/images/compiler/warning-b8542494.png"/>
    <resource type="download" name="src/main/resources/images/ij-8ec1efdd.svg" location="js/src/main/resources/images/ij-8ec1efdd.svg">
      <param name="content-type" value="image/svg+xml"/>
    </resource>
    <resource type="download" name="src/main/resources/images/bullets-23a21319.png" location="js/src/main/resources/images/bullets-23a21319.png"/>
  </web-resource>
  <web-resource key="combinedAdminSection" name="Admin UI resources">
    <context>bamboo.configuration</context>
    <dependency>com.atlassian.plugins.atlassian-plugins-webresource-rest:web-resource-manager</dependency>
    <dependency>com.atlassian.plugins.atlassian-plugins-webresource-plugin:context-path</dependency>
    <dependency>com.atlassian.auiplugin:dialog2</dependency>
    <dependency>com.atlassian.auiplugin:aui-select2</dependency>
    <dependency>jira.webresources:util</dependency>
    <dependency>com.onresolve.jira.groovy.groovyrunner:split_vendor</dependency>
    <dependency>com.onresolve.jira.groovy.groovyrunner:split_0</dependency>
    <resource type="download" name="combinedAdminSection.css" location="js/combinedAdminSection.css"/>
    <resource type="download" name="combinedAdminSection.5a2d2d193d0280877fd9.js" location="js/combinedAdminSection.5a2d2d193d0280877fd9.js"/>
    <resource type="download" name="node_modules/jquery.fancytree/dist/skin-win7/icons-rtl-bbd31d4b.gif" location="js/node_modules/jquery.fancytree/dist/skin-win7/icons-rtl-bbd31d4b.gif"/>
    <resource type="download" name="node_modules/jquery.fancytree/dist/skin-win7/icons-31fff8ba.gif" location="js/node_modules/jquery.fancytree/dist/skin-win7/icons-31fff8ba.gif"/>
    <resource type="download" name="node_modules/jquery.fancytree/dist/skin-win7/vline-rtl-4f2a6ae3.gif" location="js/node_modules/jquery.fancytree/dist/skin-win7/vline-rtl-4f2a6ae3.gif"/>
    <resource type="download" name="src/main/resources/images/compiler/error-222cc7c1.png" location="js/src/main/resources/images/compiler/error-222cc7c1.png"/>
    <resource type="download" name="src/main/resources/images/compiler/ok-2ff5099e.png" location="js/src/main/resources/images/compiler/ok-2ff5099e.png"/>
    <resource type="download" name="src/main/resources/images/compiler/warning-b8542494.png" location="js/src/main/resources/images/compiler/warning-b8542494.png"/>
    <resource type="download" name="src/main/resources/images/ij-8ec1efdd.svg" location="js/src/main/resources/images/ij-8ec1efdd.svg">
      <param name="content-type" value="image/svg+xml"/>
    </resource>
    <resource type="download" name="src/main/resources/images/bullets-23a21319.png" location="js/src/main/resources/images/bullets-23a21319.png"/>
    <resource type="download" name="src/main/resources/js/admin/spinner-b36f3157.svg" location="js/src/main/resources/js/admin/spinner-b36f3157.svg">
      <param name="content-type" value="image/svg+xml"/>
    </resource>
    <resource type="download" name="src/main/resources/images/confluence/sr-icon-small-812dc9ec.png" location="js/src/main/resources/images/confluence/sr-icon-small-812dc9ec.png"/>
    <resource type="download" name="src/main/resources/js/admin/browse/components/ScriptRunnerLabel/scriptrunner-2a1c41c2.png" location="js/src/main/resources/js/admin/browse/components/ScriptRunnerLabel/scriptrunner-2a1c41c2.png"/>
  </web-resource>
  <web-resource key="view-ast-resources" name="AST Resources">
    <dependency>com.atlassian.plugins.atlassian-plugins-webresource-rest:web-resource-manager</dependency>
    <dependency>com.atlassian.plugins.atlassian-plugins-webresource-plugin:context-path</dependency>
    <dependency>com.onresolve.jira.groovy.groovyrunner:split_vendor</dependency>
    <resource type="download" name="viewAstResources.5a2d2d193d0280877fd9.js" location="js/viewAstResources.5a2d2d193d0280877fd9.js"/>
    <resource type="download" name="node_modules/jquery.fancytree/dist/skin-win7/icons-rtl-bbd31d4b.gif" location="js/node_modules/jquery.fancytree/dist/skin-win7/icons-rtl-bbd31d4b.gif"/>
    <resource type="download" name="node_modules/jquery.fancytree/dist/skin-win7/icons-31fff8ba.gif" location="js/node_modules/jquery.fancytree/dist/skin-win7/icons-31fff8ba.gif"/>
    <resource type="download" name="node_modules/jquery.fancytree/dist/skin-win7/vline-rtl-4f2a6ae3.gif" location="js/node_modules/jquery.fancytree/dist/skin-win7/vline-rtl-4f2a6ae3.gif"/>
  </web-resource>
  <web-resource key="web-item-response-renderer-resources" name="Formats web-item REST responses">
    <context>atl.general</context>
    <context>atl.admin</context>
    <context>main</context>
    <context>admin</context>
    <dependency>com.atlassian.plugins.atlassian-plugins-webresource-rest:web-resource-manager</dependency>
    <dependency>com.atlassian.plugins.atlassian-plugins-webresource-plugin:context-path</dependency>
    <dependency>com.atlassian.auiplugin:dialog2</dependency>
    <dependency>jira.webresources:util</dependency>
    <dependency>com.atlassian.auiplugin:ajs</dependency>
    <dependency>com.onresolve.jira.groovy.groovyrunner:web-item-response-renderer</dependency>
    <dependency>com.onresolve.jira.groovy.groovyrunner:split_vendor</dependency>
    <resource type="download" name="webItemResponseRenderer.5a2d2d193d0280877fd9.js" location="js/webItemResponseRenderer.5a2d2d193d0280877fd9.js"/>
    <resource type="download" name="node_modules/jquery.fancytree/dist/skin-win7/icons-rtl-bbd31d4b.gif" location="js/node_modules/jquery.fancytree/dist/skin-win7/icons-rtl-bbd31d4b.gif"/>
    <resource type="download" name="node_modules/jquery.fancytree/dist/skin-win7/icons-31fff8ba.gif" location="js/node_modules/jquery.fancytree/dist/skin-win7/icons-31fff8ba.gif"/>
    <resource type="download" name="node_modules/jquery.fancytree/dist/skin-win7/vline-rtl-4f2a6ae3.gif" location="js/node_modules/jquery.fancytree/dist/skin-win7/vline-rtl-4f2a6ae3.gif"/>
  </web-resource>
  <web-resource key="fragment-resource" state="disabled" name="Resource for fragment popup helper">
    <context>atl.general</context>
    <context>atl.admin</context>
    <context>main</context>
    <context>admin</context>
    <dependency>com.atlassian.plugins.atlassian-plugins-webresource-rest:web-resource-manager</dependency>
    <dependency>com.atlassian.plugins.atlassian-plugins-webresource-plugin:context-path</dependency>
    <dependency>com.onresolve.jira.groovy.groovyrunner:split_vendor</dependency>
    <resource type="download" name="fragmentResource.css" location="js/fragmentResource.css"/>
    <resource type="download" name="fragmentResource.5a2d2d193d0280877fd9.js" location="js/fragmentResource.5a2d2d193d0280877fd9.js"/>
    <resource type="download" name="node_modules/jquery.fancytree/dist/skin-win7/icons-rtl-bbd31d4b.gif" location="js/node_modules/jquery.fancytree/dist/skin-win7/icons-rtl-bbd31d4b.gif"/>
    <resource type="download" name="node_modules/jquery.fancytree/dist/skin-win7/icons-31fff8ba.gif" location="js/node_modules/jquery.fancytree/dist/skin-win7/icons-31fff8ba.gif"/>
    <resource type="download" name="node_modules/jquery.fancytree/dist/skin-win7/vline-rtl-4f2a6ae3.gif" location="js/node_modules/jquery.fancytree/dist/skin-win7/vline-rtl-4f2a6ae3.gif"/>
  </web-resource>
  <web-resource key="modify-nav-item-names" name="Standardize navigatrion item names">
    <context>atl.admin</context>
    <context>admin</context>
    <dependency>com.atlassian.plugins.atlassian-plugins-webresource-rest:web-resource-manager</dependency>
    <dependency>com.atlassian.plugins.atlassian-plugins-webresource-plugin:context-path</dependency>
    <dependency>com.onresolve.jira.groovy.groovyrunner:split_vendor</dependency>
    <resource type="download" name="modifyNavItemNames.5a2d2d193d0280877fd9.js" location="js/modifyNavItemNames.5a2d2d193d0280877fd9.js"/>
    <resource type="download" name="node_modules/jquery.fancytree/dist/skin-win7/icons-rtl-bbd31d4b.gif" location="js/node_modules/jquery.fancytree/dist/skin-win7/icons-rtl-bbd31d4b.gif"/>
    <resource type="download" name="node_modules/jquery.fancytree/dist/skin-win7/icons-31fff8ba.gif" location="js/node_modules/jquery.fancytree/dist/skin-win7/icons-31fff8ba.gif"/>
    <resource type="download" name="node_modules/jquery.fancytree/dist/skin-win7/vline-rtl-4f2a6ae3.gif" location="js/node_modules/jquery.fancytree/dist/skin-win7/vline-rtl-4f2a6ae3.gif"/>
  </web-resource>
  <web-resource key="execute-script-action-resources" name="Execute Script Automation Action Resources">
    <context>automation-addons-context</context>
    <dependency>com.atlassian.plugins.atlassian-plugins-webresource-rest:web-resource-manager</dependency>
    <dependency>com.atlassian.plugins.atlassian-plugins-webresource-plugin:context-path</dependency>
    <dependency>com.onresolve.jira.groovy.groovyrunner:split_vendor</dependency>
    <dependency>com.onresolve.jira.groovy.groovyrunner:split_0</dependency>
    <resource type="download" name="automation.css" location="js/automation.css"/>
    <resource type="download" name="automation.5a2d2d193d0280877fd9.js" location="js/automation.5a2d2d193d0280877fd9.js"/>
    <resource type="download" name="node_modules/jquery.fancytree/dist/skin-win7/icons-rtl-bbd31d4b.gif" location="js/node_modules/jquery.fancytree/dist/skin-win7/icons-rtl-bbd31d4b.gif"/>
    <resource type="download" name="node_modules/jquery.fancytree/dist/skin-win7/icons-31fff8ba.gif" location="js/node_modules/jquery.fancytree/dist/skin-win7/icons-31fff8ba.gif"/>
    <resource type="download" name="node_modules/jquery.fancytree/dist/skin-win7/vline-rtl-4f2a6ae3.gif" location="js/node_modules/jquery.fancytree/dist/skin-win7/vline-rtl-4f2a6ae3.gif"/>
    <resource type="download" name="src/main/resources/images/compiler/error-222cc7c1.png" location="js/src/main/resources/images/compiler/error-222cc7c1.png"/>
    <resource type="download" name="src/main/resources/images/compiler/ok-2ff5099e.png" location="js/src/main/resources/images/compiler/ok-2ff5099e.png"/>
    <resource type="download" name="src/main/resources/images/compiler/warning-b8542494.png" location="js/src/main/resources/images/compiler/warning-b8542494.png"/>
    <resource type="download" name="src/main/resources/images/ij-8ec1efdd.svg" location="js/src/main/resources/images/ij-8ec1efdd.svg">
      <param name="content-type" value="image/svg+xml"/>
    </resource>
  </web-resource>
  <web-resource key="bh-inlineEditPluginResources" name="Behaviour inline edit issue assets">
    <context>jira.view.issue</context>
    <context>gh-rapid-plan</context>
    <dependency>com.atlassian.plugins.atlassian-plugins-webresource-rest:web-resource-manager</dependency>
    <dependency>com.atlassian.plugins.atlassian-plugins-webresource-plugin:context-path</dependency>
    <dependency>com.onresolve.jira.groovy.groovyrunner:split_vendor</dependency>
    <resource type="download" name="bhInlineEditPluginResources.5a2d2d193d0280877fd9.js" location="js/bhInlineEditPluginResources.5a2d2d193d0280877fd9.js"/>
    <resource type="download" name="node_modules/jquery.fancytree/dist/skin-win7/icons-rtl-bbd31d4b.gif" location="js/node_modules/jquery.fancytree/dist/skin-win7/icons-rtl-bbd31d4b.gif"/>
    <resource type="download" name="node_modules/jquery.fancytree/dist/skin-win7/icons-31fff8ba.gif" location="js/node_modules/jquery.fancytree/dist/skin-win7/icons-31fff8ba.gif"/>
    <resource type="download" name="node_modules/jquery.fancytree/dist/skin-win7/vline-rtl-4f2a6ae3.gif" location="js/node_modules/jquery.fancytree/dist/skin-win7/vline-rtl-4f2a6ae3.gif"/>
  </web-resource>
  <web-resource key="bh-issuePluginResources" name="Behaviour issue assets">
    <context>jira.general</context>
    <dependency>com.atlassian.plugins.atlassian-plugins-webresource-rest:web-resource-manager</dependency>
    <dependency>com.atlassian.plugins.atlassian-plugins-webresource-plugin:context-path</dependency>
    <dependency>com.onresolve.jira.groovy.groovyrunner:split_vendor</dependency>
    <dependency>com.onresolve.jira.groovy.groovyrunner:split_1</dependency>
    <resource type="download" name="bhIssuePluginResources.css" location="js/bhIssuePluginResources.css"/>
    <resource type="download" name="bhIssuePluginResources.5a2d2d193d0280877fd9.js" location="js/bhIssuePluginResources.5a2d2d193d0280877fd9.js"/>
    <resource type="download" name="node_modules/jquery.fancytree/dist/skin-win7/icons-rtl-bbd31d4b.gif" location="js/node_modules/jquery.fancytree/dist/skin-win7/icons-rtl-bbd31d4b.gif"/>
    <resource type="download" name="node_modules/jquery.fancytree/dist/skin-win7/icons-31fff8ba.gif" location="js/node_modules/jquery.fancytree/dist/skin-win7/icons-31fff8ba.gif"/>
    <resource type="download" name="node_modules/jquery.fancytree/dist/skin-win7/vline-rtl-4f2a6ae3.gif" location="js/node_modules/jquery.fancytree/dist/skin-win7/vline-rtl-4f2a6ae3.gif"/>
    <resource type="download" name="src/main/resources/css/spinner-5a474bcb.gif" location="js/src/main/resources/css/spinner-5a474bcb.gif"/>
    <resource type="download" name="src/main/resources/images/behaviours/button-close-503423fe.png" location="js/src/main/resources/images/behaviours/button-close-503423fe.png"/>
  </web-resource>
  <web-resource key="bh-issuePluginResourcesPortal" name="Behaviour issue assets for portal">
    <context>customerportal</context>
    <dependency>com.atlassian.plugins.atlassian-plugins-webresource-rest:web-resource-manager</dependency>
    <dependency>com.atlassian.plugins.atlassian-plugins-webresource-plugin:context-path</dependency>
    <dependency>com.atlassian.auiplugin:ajs</dependency>
    <dependency>com.onresolve.jira.groovy.groovyrunner:split_vendor</dependency>
    <dependency>com.onresolve.jira.groovy.groovyrunner:split_1</dependency>
    <resource type="download" name="bhPortal.css" location="js/bhPortal.css"/>
    <resource type="download" name="bhPortal.5a2d2d193d0280877fd9.js" location="js/bhPortal.5a2d2d193d0280877fd9.js"/>
    <resource type="download" name="node_modules/jquery.fancytree/dist/skin-win7/icons-rtl-bbd31d4b.gif" location="js/node_modules/jquery.fancytree/dist/skin-win7/icons-rtl-bbd31d4b.gif"/>
    <resource type="download" name="node_modules/jquery.fancytree/dist/skin-win7/icons-31fff8ba.gif" location="js/node_modules/jquery.fancytree/dist/skin-win7/icons-31fff8ba.gif"/>
    <resource type="download" name="node_modules/jquery.fancytree/dist/skin-win7/vline-rtl-4f2a6ae3.gif" location="js/node_modules/jquery.fancytree/dist/skin-win7/vline-rtl-4f2a6ae3.gif"/>
    <resource type="download" name="src/main/resources/css/spinner-5a474bcb.gif" location="js/src/main/resources/css/spinner-5a474bcb.gif"/>
    <resource type="download" name="src/main/resources/images/behaviours/button-close-503423fe.png" location="js/src/main/resources/images/behaviours/button-close-503423fe.png"/>
  </web-resource>
  <web-resource key="scriptFieldsPortalResources" name="Script fields assets for portal">
    <context>customerportal</context>
    <dependency>com.atlassian.plugins.atlassian-plugins-webresource-rest:web-resource-manager</dependency>
    <dependency>com.atlassian.plugins.atlassian-plugins-webresource-plugin:context-path</dependency>
    <dependency>com.atlassian.auiplugin:ajs</dependency>
    <dependency>com.onresolve.jira.groovy.groovyrunner:split_vendor</dependency>
    <dependency>com.onresolve.jira.groovy.groovyrunner:split_1</dependency>
    <resource type="download" name="scriptFieldsPortal.css" location="js/scriptFieldsPortal.css"/>
    <resource type="download" name="scriptFieldsPortal.5a2d2d193d0280877fd9.js" location="js/scriptFieldsPortal.5a2d2d193d0280877fd9.js"/>
    <resource type="download" name="node_modules/jquery.fancytree/dist/skin-win7/icons-rtl-bbd31d4b.gif" location="js/node_modules/jquery.fancytree/dist/skin-win7/icons-rtl-bbd31d4b.gif"/>
    <resource type="download" name="node_modules/jquery.fancytree/dist/skin-win7/icons-31fff8ba.gif" location="js/node_modules/jquery.fancytree/dist/skin-win7/icons-31fff8ba.gif"/>
    <resource type="download" name="node_modules/jquery.fancytree/dist/skin-win7/vline-rtl-4f2a6ae3.gif" location="js/node_modules/jquery.fancytree/dist/skin-win7/vline-rtl-4f2a6ae3.gif"/>
  </web-resource>
  <web-resource key="bh-admin" name="Behaviour admin assets">
    <dependency>com.atlassian.plugins.atlassian-plugins-webresource-rest:web-resource-manager</dependency>
    <dependency>com.atlassian.plugins.atlassian-plugins-webresource-plugin:context-path</dependency>
    <dependency>com.atlassian.auiplugin:dialog2</dependency>
    <dependency>com.onresolve.jira.groovy.groovyrunner:split_vendor</dependency>
    <dependency>com.onresolve.jira.groovy.groovyrunner:split_0</dependency>
    <resource type="download" name="behavioursAdmin.css" location="js/behavioursAdmin.css"/>
    <resource type="download" name="behavioursAdmin.5a2d2d193d0280877fd9.js" location="js/behavioursAdmin.5a2d2d193d0280877fd9.js"/>
    <resource type="download" name="node_modules/jquery.fancytree/dist/skin-win7/icons-rtl-bbd31d4b.gif" location="js/node_modules/jquery.fancytree/dist/skin-win7/icons-rtl-bbd31d4b.gif"/>
    <resource type="download" name="node_modules/jquery.fancytree/dist/skin-win7/icons-31fff8ba.gif" location="js/node_modules/jquery.fancytree/dist/skin-win7/icons-31fff8ba.gif"/>
    <resource type="download" name="node_modules/jquery.fancytree/dist/skin-win7/vline-rtl-4f2a6ae3.gif" location="js/node_modules/jquery.fancytree/dist/skin-win7/vline-rtl-4f2a6ae3.gif"/>
    <resource type="download" name="src/main/resources/images/compiler/error-222cc7c1.png" location="js/src/main/resources/images/compiler/error-222cc7c1.png"/>
    <resource type="download" name="src/main/resources/images/compiler/ok-2ff5099e.png" location="js/src/main/resources/images/compiler/ok-2ff5099e.png"/>
    <resource type="download" name="src/main/resources/images/compiler/warning-b8542494.png" location="js/src/main/resources/images/compiler/warning-b8542494.png"/>
    <resource type="download" name="src/main/resources/images/ij-8ec1efdd.svg" location="js/src/main/resources/images/ij-8ec1efdd.svg">
      <param name="content-type" value="image/svg+xml"/>
    </resource>
  </web-resource>
  <web-resource key="jqlQueryDoc" name="Script Query advanced navigator documentation">
    <context>jira.navigator.advanced</context>
    <dependency>com.atlassian.plugins.atlassian-plugins-webresource-rest:web-resource-manager</dependency>
    <dependency>com.atlassian.plugins.atlassian-plugins-webresource-plugin:context-path</dependency>
    <dependency>com.onresolve.jira.groovy.groovyrunner:split_vendor</dependency>
    <resource type="download" name="jqlQueryDoc.css" location="js/jqlQueryDoc.css"/>
    <resource type="download" name="jqlQueryDoc.5a2d2d193d0280877fd9.js" location="js/jqlQueryDoc.5a2d2d193d0280877fd9.js"/>
    <resource type="download" name="node_modules/jquery.fancytree/dist/skin-win7/icons-rtl-bbd31d4b.gif" location="js/node_modules/jquery.fancytree/dist/skin-win7/icons-rtl-bbd31d4b.gif"/>
    <resource type="download" name="node_modules/jquery.fancytree/dist/skin-win7/icons-31fff8ba.gif" location="js/node_modules/jquery.fancytree/dist/skin-win7/icons-31fff8ba.gif"/>
    <resource type="download" name="node_modules/jquery.fancytree/dist/skin-win7/vline-rtl-4f2a6ae3.gif" location="js/node_modules/jquery.fancytree/dist/skin-win7/vline-rtl-4f2a6ae3.gif"/>
  </web-resource>
  <web-resource key="ghShowInNavigator" name="Resource to add View in Navigator to sprints on the rapid board">
    <context>gh-rapid-plan</context>
    <dependency>com.atlassian.plugins.atlassian-plugins-webresource-rest:web-resource-manager</dependency>
    <dependency>com.atlassian.plugins.atlassian-plugins-webresource-plugin:context-path</dependency>
    <dependency>com.onresolve.jira.groovy.groovyrunner:split_vendor</dependency>
    <resource type="download" name="ghShowInNavigator.5a2d2d193d0280877fd9.js" location="js/ghShowInNavigator.5a2d2d193d0280877fd9.js"/>
    <resource type="download" name="node_modules/jquery.fancytree/dist/skin-win7/icons-rtl-bbd31d4b.gif" location="js/node_modules/jquery.fancytree/dist/skin-win7/icons-rtl-bbd31d4b.gif"/>
    <resource type="download" name="node_modules/jquery.fancytree/dist/skin-win7/icons-31fff8ba.gif" location="js/node_modules/jquery.fancytree/dist/skin-win7/icons-31fff8ba.gif"/>
    <resource type="download" name="node_modules/jquery.fancytree/dist/skin-win7/vline-rtl-4f2a6ae3.gif" location="js/node_modules/jquery.fancytree/dist/skin-win7/vline-rtl-4f2a6ae3.gif"/>
  </web-resource>
  <web-resource key="userMessageUtil" name="Displays messages to the user generated from script workflow functions">
    <context>jira.general</context>
    <dependency>com.atlassian.plugins.atlassian-plugins-webresource-rest:web-resource-manager</dependency>
    <dependency>com.atlassian.plugins.atlassian-plugins-webresource-plugin:context-path</dependency>
    <dependency>com.onresolve.jira.groovy.groovyrunner:split_vendor</dependency>
    <resource type="download" name="userMessageUtil.5a2d2d193d0280877fd9.js" location="js/userMessageUtil.5a2d2d193d0280877fd9.js"/>
    <resource type="download" name="node_modules/jquery.fancytree/dist/skin-win7/icons-rtl-bbd31d4b.gif" location="js/node_modules/jquery.fancytree/dist/skin-win7/icons-rtl-bbd31d4b.gif"/>
    <resource type="download" name="node_modules/jquery.fancytree/dist/skin-win7/icons-31fff8ba.gif" location="js/node_modules/jquery.fancytree/dist/skin-win7/icons-31fff8ba.gif"/>
    <resource type="download" name="node_modules/jquery.fancytree/dist/skin-win7/vline-rtl-4f2a6ae3.gif" location="js/node_modules/jquery.fancytree/dist/skin-win7/vline-rtl-4f2a6ae3.gif"/>
  </web-resource>
  <web-resource key="webItemResponseRenderer-portal-resources" name="Formats web-item REST responses">
    <context>customerportal</context>
    <dependency>com.atlassian.plugins.atlassian-plugins-webresource-rest:web-resource-manager</dependency>
    <dependency>com.atlassian.plugins.atlassian-plugins-webresource-plugin:context-path</dependency>
    <dependency>com.atlassian.auiplugin:dialog2</dependency>
    <dependency>jira.webresources:util</dependency>
    <dependency>com.onresolve.jira.groovy.groovyrunner:split_vendor</dependency>
    <resource type="download" name="webItemResponseRendererPortal.5a2d2d193d0280877fd9.js" location="js/webItemResponseRendererPortal.5a2d2d193d0280877fd9.js"/>
    <resource type="download" name="node_modules/jquery.fancytree/dist/skin-win7/icons-rtl-bbd31d4b.gif" location="js/node_modules/jquery.fancytree/dist/skin-win7/icons-rtl-bbd31d4b.gif"/>
    <resource type="download" name="node_modules/jquery.fancytree/dist/skin-win7/icons-31fff8ba.gif" location="js/node_modules/jquery.fancytree/dist/skin-win7/icons-31fff8ba.gif"/>
    <resource type="download" name="node_modules/jquery.fancytree/dist/skin-win7/vline-rtl-4f2a6ae3.gif" location="js/node_modules/jquery.fancytree/dist/skin-win7/vline-rtl-4f2a6ae3.gif"/>
  </web-resource>
  <web-resource key="gh-context-menu-items" name="Context menu additions">
    <context>gh-rapid-plan</context>
    <context>gh-rapid-work</context>
    <dependency>com.atlassian.plugins.atlassian-plugins-webresource-rest:web-resource-manager</dependency>
    <dependency>com.atlassian.plugins.atlassian-plugins-webresource-plugin:context-path</dependency>
    <dependency>com.onresolve.jira.groovy.groovyrunner:split_vendor</dependency>
    <resource type="download" name="ghContextMenuItems.5a2d2d193d0280877fd9.js" location="js/ghContextMenuItems.5a2d2d193d0280877fd9.js"/>
    <resource type="download" name="node_modules/jquery.fancytree/dist/skin-win7/icons-rtl-bbd31d4b.gif" location="js/node_modules/jquery.fancytree/dist/skin-win7/icons-rtl-bbd31d4b.gif"/>
    <resource type="download" name="node_modules/jquery.fancytree/dist/skin-win7/icons-31fff8ba.gif" location="js/node_modules/jquery.fancytree/dist/skin-win7/icons-31fff8ba.gif"/>
    <resource type="download" name="node_modules/jquery.fancytree/dist/skin-win7/vline-rtl-4f2a6ae3.gif" location="js/node_modules/jquery.fancytree/dist/skin-win7/vline-rtl-4f2a6ae3.gif"/>
  </web-resource>
  <web-resource key="jsd-canned-comment-loader" state="disabled" name="Canned comments resource">
    <context>jira.view.issue</context>
    <context>jira.edit.issue</context>
    <dependency>com.atlassian.plugins.atlassian-plugins-webresource-rest:web-resource-manager</dependency>
    <dependency>com.atlassian.plugins.atlassian-plugins-webresource-plugin:context-path</dependency>
    <dependency>jira.webresources:util</dependency>
    <dependency>com.onresolve.jira.groovy.groovyrunner:split_vendor</dependency>
    <resource type="download" name="jsdCannedCommentLoader.5a2d2d193d0280877fd9.js" location="js/jsdCannedCommentLoader.5a2d2d193d0280877fd9.js"/>
    <resource type="download" name="node_modules/jquery.fancytree/dist/skin-win7/icons-rtl-bbd31d4b.gif" location="js/node_modules/jquery.fancytree/dist/skin-win7/icons-rtl-bbd31d4b.gif"/>
    <resource type="download" name="node_modules/jquery.fancytree/dist/skin-win7/icons-31fff8ba.gif" location="js/node_modules/jquery.fancytree/dist/skin-win7/icons-31fff8ba.gif"/>
    <resource type="download" name="node_modules/jquery.fancytree/dist/skin-win7/vline-rtl-4f2a6ae3.gif" location="js/node_modules/jquery.fancytree/dist/skin-win7/vline-rtl-4f2a6ae3.gif"/>
  </web-resource>
  <web-resource key="adaptavist-about-gadget" name="Adaptavist About Gadget">
    <context>atl.dashboard</context>
    <dependency>com.atlassian.plugins.atlassian-plugins-webresource-rest:web-resource-manager</dependency>
    <dependency>com.atlassian.plugins.atlassian-plugins-webresource-plugin:context-path</dependency>
    <dependency>com.onresolve.jira.groovy.groovyrunner:split_vendor</dependency>
    <dependency>com.onresolve.jira.groovy.groovyrunner:split_2</dependency>
    <resource type="download" name="aboutGadget.5a2d2d193d0280877fd9.js" location="js/aboutGadget.5a2d2d193d0280877fd9.js"/>
    <resource type="download" name="node_modules/jquery.fancytree/dist/skin-win7/icons-rtl-bbd31d4b.gif" location="js/node_modules/jquery.fancytree/dist/skin-win7/icons-rtl-bbd31d4b.gif"/>
    <resource type="download" name="node_modules/jquery.fancytree/dist/skin-win7/icons-31fff8ba.gif" location="js/node_modules/jquery.fancytree/dist/skin-win7/icons-31fff8ba.gif"/>
    <resource type="download" name="node_modules/jquery.fancytree/dist/skin-win7/vline-rtl-4f2a6ae3.gif" location="js/node_modules/jquery.fancytree/dist/skin-win7/vline-rtl-4f2a6ae3.gif"/>
  </web-resource>
  <web-resource key="adaptavist-news-gadget" name="Adaptavist News Gadget">
    <context>atl.dashboard</context>
    <dependency>com.atlassian.plugins.atlassian-plugins-webresource-rest:web-resource-manager</dependency>
    <dependency>com.atlassian.plugins.atlassian-plugins-webresource-plugin:context-path</dependency>
    <dependency>com.onresolve.jira.groovy.groovyrunner:directIdeaIntegration</dependency>
    <dependency>com.onresolve.jira.groovy.groovyrunner:split_vendor</dependency>
    <resource type="download" name="helpGadget.5a2d2d193d0280877fd9.js" location="js/helpGadget.5a2d2d193d0280877fd9.js"/>
    <resource type="download" name="node_modules/jquery.fancytree/dist/skin-win7/icons-rtl-bbd31d4b.gif" location="js/node_modules/jquery.fancytree/dist/skin-win7/icons-rtl-bbd31d4b.gif"/>
    <resource type="download" name="node_modules/jquery.fancytree/dist/skin-win7/icons-31fff8ba.gif" location="js/node_modules/jquery.fancytree/dist/skin-win7/icons-31fff8ba.gif"/>
    <resource type="download" name="node_modules/jquery.fancytree/dist/skin-win7/vline-rtl-4f2a6ae3.gif" location="js/node_modules/jquery.fancytree/dist/skin-win7/vline-rtl-4f2a6ae3.gif"/>
  </web-resource>
  <web-resource key="mail-handler" name="ScriptRunner mail handler">
    <context>jira.admin</context>
    <dependency>com.atlassian.plugins.atlassian-plugins-webresource-rest:web-resource-manager</dependency>
    <dependency>com.atlassian.plugins.atlassian-plugins-webresource-plugin:context-path</dependency>
    <dependency>com.onresolve.jira.groovy.groovyrunner:split_vendor</dependency>
    <dependency>com.onresolve.jira.groovy.groovyrunner:split_0</dependency>
    <resource type="download" name="mailHandler.css" location="js/mailHandler.css"/>
    <resource type="download" name="mailHandler.5a2d2d193d0280877fd9.js" location="js/mailHandler.5a2d2d193d0280877fd9.js"/>
    <resource type="download" name="node_modules/jquery.fancytree/dist/skin-win7/icons-rtl-bbd31d4b.gif" location="js/node_modules/jquery.fancytree/dist/skin-win7/icons-rtl-bbd31d4b.gif"/>
    <resource type="download" name="node_modules/jquery.fancytree/dist/skin-win7/icons-31fff8ba.gif" location="js/node_modules/jquery.fancytree/dist/skin-win7/icons-31fff8ba.gif"/>
    <resource type="download" name="node_modules/jquery.fancytree/dist/skin-win7/vline-rtl-4f2a6ae3.gif" location="js/node_modules/jquery.fancytree/dist/skin-win7/vline-rtl-4f2a6ae3.gif"/>
    <resource type="download" name="src/main/resources/images/compiler/error-222cc7c1.png" location="js/src/main/resources/images/compiler/error-222cc7c1.png"/>
    <resource type="download" name="src/main/resources/images/compiler/ok-2ff5099e.png" location="js/src/main/resources/images/compiler/ok-2ff5099e.png"/>
    <resource type="download" name="src/main/resources/images/compiler/warning-b8542494.png" location="js/src/main/resources/images/compiler/warning-b8542494.png"/>
    <resource type="download" name="src/main/resources/images/ij-8ec1efdd.svg" location="js/src/main/resources/images/ij-8ec1efdd.svg">
      <param name="content-type" value="image/svg+xml"/>
    </resource>
  </web-resource>
  <web-resource key="sdCustomFieldsResources" name="Resources for Service Desk Edit Request Type screen">
    <context>jira.admin</context>
    <dependency>com.atlassian.plugins.atlassian-plugins-webresource-rest:web-resource-manager</dependency>
    <dependency>com.atlassian.plugins.atlassian-plugins-webresource-plugin:context-path</dependency>
    <dependency>jira.webresources:util</dependency>
    <dependency>com.onresolve.jira.groovy.groovyrunner:split_vendor</dependency>
    <resource type="download" name="sdCustomFields.5a2d2d193d0280877fd9.js" location="js/sdCustomFields.5a2d2d193d0280877fd9.js"/>
    <resource type="download" name="node_modules/jquery.fancytree/dist/skin-win7/icons-rtl-bbd31d4b.gif" location="js/node_modules/jquery.fancytree/dist/skin-win7/icons-rtl-bbd31d4b.gif"/>
    <resource type="download" name="node_modules/jquery.fancytree/dist/skin-win7/icons-31fff8ba.gif" location="js/node_modules/jquery.fancytree/dist/skin-win7/icons-31fff8ba.gif"/>
    <resource type="download" name="node_modules/jquery.fancytree/dist/skin-win7/vline-rtl-4f2a6ae3.gif" location="js/node_modules/jquery.fancytree/dist/skin-win7/vline-rtl-4f2a6ae3.gif"/>
  </web-resource>
  <web-resource key="assets-71072bae-eab3-497b-a40e-4865ed357802">
    <resource type="download" name="src/main/resources/images/ij-8ec1efdd.svg" location="js/src/main/resources/images/ij-8ec1efdd.svg">
      <param name="content-type" value="image/svg+xml"/>
    </resource>
    <resource type="download" name="src/main/resources/images/compiler/error-222cc7c1.png" location="js/src/main/resources/images/compiler/error-222cc7c1.png"/>
    <resource type="download" name="src/main/resources/images/compiler/warning-b8542494.png" location="js/src/main/resources/images/compiler/warning-b8542494.png"/>
    <resource type="download" name="src/main/resources/images/compiler/ok-2ff5099e.png" location="js/src/main/resources/images/compiler/ok-2ff5099e.png"/>
    <resource type="download" name="src/main/resources/images/bullets-23a21319.png" location="js/src/main/resources/images/bullets-23a21319.png"/>
    <resource type="download" name="src/main/resources/css/spinner-5a474bcb.gif" location="js/src/main/resources/css/spinner-5a474bcb.gif"/>
    <resource type="download" name="src/main/resources/images/behaviours/button-close-503423fe.png" location="js/src/main/resources/images/behaviours/button-close-503423fe.png"/>
    <resource type="download" name="node_modules/jquery.fancytree/dist/skin-win7/icons-31fff8ba.gif" location="js/node_modules/jquery.fancytree/dist/skin-win7/icons-31fff8ba.gif"/>
    <resource type="download" name="node_modules/jquery.fancytree/dist/skin-win7/icons-rtl-bbd31d4b.gif" location="js/node_modules/jquery.fancytree/dist/skin-win7/icons-rtl-bbd31d4b.gif"/>
    <resource type="download" name="node_modules/jquery.fancytree/dist/skin-win7/vline-rtl-4f2a6ae3.gif" location="js/node_modules/jquery.fancytree/dist/skin-win7/vline-rtl-4f2a6ae3.gif"/>
    <resource type="download" name="src/main/resources/js/admin/spinner-b36f3157.svg" location="js/src/main/resources/js/admin/spinner-b36f3157.svg">
      <param name="content-type" value="image/svg+xml"/>
    </resource>
    <resource type="download" name="src/main/resources/js/admin/components/PostInstallPage/card1-fae3decc.png" location="js/src/main/resources/js/admin/components/PostInstallPage/card1-fae3decc.png"/>
    <resource type="download" name="src/main/resources/js/admin/components/PostInstallPage/card2-bbc8179c.png" location="js/src/main/resources/js/admin/components/PostInstallPage/card2-bbc8179c.png"/>
    <resource type="download" name="src/main/resources/js/admin/components/PostInstallPage/card3-ec68ef68.png" location="js/src/main/resources/js/admin/components/PostInstallPage/card3-ec68ef68.png"/>
    <resource type="download" name="src/main/resources/js/admin/components/PostInstallPage/card4-a780cb9b.png" location="js/src/main/resources/js/admin/components/PostInstallPage/card4-a780cb9b.png"/>
    <resource type="download" name="src/main/resources/js/admin/components/PostInstallPage/library-2c5c2f9e.png" location="js/src/main/resources/js/admin/components/PostInstallPage/library-2c5c2f9e.png"/>
    <resource type="download" name="src/main/resources/js/admin/components/PostInstallPage/welcome-704d1feb.png" location="js/src/main/resources/js/admin/components/PostInstallPage/welcome-704d1feb.png"/>
    <resource type="download" name="src/main/resources/js/app/common/script-editor/components/NoFilesOrFoldersMessage/addFileIcon-4a74ee5f.svg" location="js/src/main/resources/js/app/common/script-editor/components/NoFilesOrFoldersMessage/addFileIcon-4a74ee5f.svg">
      <param name="content-type" value="image/svg+xml"/>
    </resource>
    <resource type="download" name="src/main/resources/js/app/common/script-editor/components/icons/addFileIcon-7e8bea43.svg" location="js/src/main/resources/js/app/common/script-editor/components/icons/addFileIcon-7e8bea43.svg">
      <param name="content-type" value="image/svg+xml"/>
    </resource>
    <resource type="download" name="src/main/resources/js/app/common/script-editor/components/icons/addFolderIcon-baf024e3.svg" location="js/src/main/resources/js/app/common/script-editor/components/icons/addFolderIcon-baf024e3.svg">
      <param name="content-type" value="image/svg+xml"/>
    </resource>
    <resource type="download" name="src/main/resources/js/gadgets/help/icons/doc-dc8635ec.svg" location="js/src/main/resources/js/gadgets/help/icons/doc-dc8635ec.svg">
      <param name="content-type" value="image/svg+xml"/>
    </resource>
    <resource type="download" name="src/main/resources/js/gadgets/help/icons/learn-8673e3fb.svg" location="js/src/main/resources/js/gadgets/help/icons/learn-8673e3fb.svg">
      <param name="content-type" value="image/svg+xml"/>
    </resource>
    <resource type="download" name="src/main/resources/js/gadgets/help/icons/adaptavist-88e0685a.svg" location="js/src/main/resources/js/gadgets/help/icons/adaptavist-88e0685a.svg">
      <param name="content-type" value="image/svg+xml"/>
    </resource>
    <resource type="download" name="src/main/resources/js/gadgets/help/icons/atlassian-76a1f0d2.svg" location="js/src/main/resources/js/gadgets/help/icons/atlassian-76a1f0d2.svg">
      <param name="content-type" value="image/svg+xml"/>
    </resource>
    <resource type="download" name="src/main/resources/images/confluence/sr-icon-small-812dc9ec.png" location="js/src/main/resources/images/confluence/sr-icon-small-812dc9ec.png"/>
    <resource type="download" name="src/main/resources/js/admin/browse/components/ScriptRunnerLabel/scriptrunner-2a1c41c2.png" location="js/src/main/resources/js/admin/browse/components/ScriptRunnerLabel/scriptrunner-2a1c41c2.png"/>
    <resource type="download" name="bhInlineEditPluginResources.5a2d2d193d0280877fd9.js.LICENSE" location="js/bhInlineEditPluginResources.5a2d2d193d0280877fd9.js.LICENSE"/>
    <resource type="download" name="combinedAdminSection.5a2d2d193d0280877fd9.js.LICENSE" location="js/combinedAdminSection.5a2d2d193d0280877fd9.js.LICENSE"/>
    <resource type="download" name="ghShowInNavigator.5a2d2d193d0280877fd9.js.LICENSE" location="js/ghShowInNavigator.5a2d2d193d0280877fd9.js.LICENSE"/>
    <resource type="download" name="jqlQueryDoc.5a2d2d193d0280877fd9.js.LICENSE" location="js/jqlQueryDoc.5a2d2d193d0280877fd9.js.LICENSE"/>
    <resource type="download" name="userMessageUtil.5a2d2d193d0280877fd9.js.LICENSE" location="js/userMessageUtil.5a2d2d193d0280877fd9.js.LICENSE"/>
    <resource type="download" name="vendor.5a2d2d193d0280877fd9.js.LICENSE" location="js/vendor.5a2d2d193d0280877fd9.js.LICENSE"/>
    <resource type="download" name="webItemResponseRenderer.5a2d2d193d0280877fd9.js.LICENSE" location="js/webItemResponseRenderer.5a2d2d193d0280877fd9.js.LICENSE"/>
    <resource type="download" name="webItemResponseRendererPortal.5a2d2d193d0280877fd9.js.LICENSE" location="js/webItemResponseRendererPortal.5a2d2d193d0280877fd9.js.LICENSE"/>
  </web-resource>
</bundles>