<atlassian-plugin plugins-version="2">

    <!--new ui section-->
    <web-section key="scriptrunner_section" name="ScriptRunner Admin Section" location="admin_plugins_menu"
                 i18n-name-key="item.groovy.runner.label"  weight="150" >
        <label key="item.groovy.runner.websection.label" />
    </web-section>

    <web-item key="scriptrunnerbrowse" name="ScriptRunner Browse" section="admin_plugins_menu/scriptrunner_section"
              weight="10" >
        <label key="item.script.runner.browse.label"/>
        <link linkId="scriptrunnerbrowse_link">/plugins/servlet/scriptrunner/admin/browse</link>
    </web-item>

    <web-item key="scriptconsole" name="Display Script Console Web Item" section="admin_plugins_menu/scriptrunner_section"
              weight="15" >
        <label key="item.groovy.runner.label"/>
        <link linkId="console">/plugins/servlet/scriptrunner/admin/console</link>
        <condition class="com.onresolve.scriptrunner.permissions.ScriptRunnerUseCondition" />
    </web-item>

    <web-item key="scripteditor" name="Display Script Editor Web Item" section="admin_plugins_menu/scriptrunner_section"
              weight="25" >
        <label key="item.script.runner.editor.label"/>
        <link linkId="scriptEditor">/plugins/servlet/scriptrunner/admin/scriptEditor</link>
        <condition class="com.onresolve.scriptrunner.permissions.ScriptRunnerUseCondition" />
    </web-item>

    <web-item key="builtinscripts" name="Display Built-in Scripts Console Web Item" section="admin_plugins_menu/scriptrunner_section"
              weight="15" >
        <label key="item.builtin.scripts.label"/>
        <link linkId="builtin">/plugins/servlet/scriptrunner/admin/builtin</link>
    </web-item>

    <web-item key="listeners" name="Display Listener Box" section="admin_plugins_menu/scriptrunner_section" weight="17">
        <label key="item.script.listeners.label"/>
        <link linkId="listeners">/plugins/servlet/scriptrunner/admin/listeners</link>
    </web-item>

    <web-item key="script_fields" name="Display Scripted Fields Box" section="admin_plugins_menu/scriptrunner_section"
              weight="18" >
        <label key="item.groovy.fields.label"/>
        <link linkId="scriptfields">/plugins/servlet/scriptrunner/admin/scriptfields</link>
    </web-item>

    <web-item key="script_endpoints" name="Display Endpoints Box" section="admin_plugins_menu/scriptrunner_section" weight="19">
        <label key="item.script.endpoints.label"/>
        <link linkId="restendpoints">/plugins/servlet/scriptrunner/admin/restendpoints</link>
    </web-item>

    <web-item key="jira_fragments" name="Display Fragments" section="admin_plugins_menu/scriptrunner_section"
              weight="20" >
        <label key="item.fragments.label"/>
        <link linkId="fragments">/plugins/servlet/scriptrunner/admin/fragments</link>
    </web-item>

    <web-item key="scheduled_jobs_jira" name="Display Scheduled Jobs" section="admin_plugins_menu/scriptrunner_section"
              weight="21">
        <label key="item.script_jobs.label"/>
        <link linkId="scheduled_jobs_jira">/plugins/servlet/scriptrunner/admin/jobs</link>
        <description>Manage scheduled jobs</description>
    </web-item>

    <web-item key="jql_functions" name="Display Functions Box" section="admin_plugins_menu/scriptrunner_section" weight="22"
    >
        <label key="item.script.functions.label"/>
        <link linkId="jqlfunctions">/plugins/servlet/scriptrunner/admin/jqlfunctions</link>
    </web-item>

    <web-item key="resources" name="Display Resources" section="admin_plugins_menu/scriptrunner_section" weight="24">
        <label key="item.script.resources.label"/>
        <link linkId="resources">/plugins/servlet/scriptrunner/admin/resources</link>
        <description>Manage connections to databases</description>
    </web-item>

    <web-item key="scriptrunnersettings" name="ScriptRunner Settings" section="admin_plugins_menu/scriptrunner_section"
              weight="30" >
        <label key="item.script.runner.settings.label"/>
        <link linkId="scriptrunnersettings_link">/plugins/servlet/scriptrunner/admin/settings</link>
        <condition class="com.atlassian.jira.plugin.webfragment.conditions.JiraGlobalPermissionCondition">
            <param name="permission">sysadmin</param>
        </condition>
    </web-item>
    <!--end new ui section-->

    <!--REST - JIRA specific-->
    <rest name="ScriptRunner REST Resource - JIRA"
          key="scriptrunner-rest-resource-jira"
          path="/scriptrunner-jira"
          version="1.0"
          >
        <description>ScriptRunner REST resource - JIRA</description>
        <package>com.onresolve.scriptrunner.filters</package>
        <package>com.onresolve.scriptrunner.runner.rest.jira</package>
    </rest>

    <!--SCRIPT FIELD-->
    <customfield-type key="scripted-field" name="Scripted Field"
                      class="com.onresolve.scriptrunner.customfield.GroovyCustomField" >
        <description>A calculated field whose value is calculated by running a groovy script. Search admin for "Script
            Fields" after adding to configure.
        </description>

        <resource type="download" name="customfieldpreview.png" location="images/SR-Enterprise-240x120.png" />

        <resource type="velocity" name="view" location="templates/customfield/view-scriptedfield.vm"/>
        <resource type="velocity" name="xml" location="templates/plugins/fields/xml/xml-basictext.vm"/>
    </customfield-type>

    <!--BEHAVIOURS-->
    <web-section key="behaviours_section" name="Behaviours Admin Section" location="admin_plugins_menu" i18n-name-key="item.behaviours.label"  weight="20" >
        <label key="item.behaviours.label" />
        <!--        <condition class="com.atlassian.jira.plugin.webfragment.conditions.UserIsAdminCondition" /> -->
    </web-section>

    <!-- weight="15" will put the link below Jelly Runner-->
    <web-item key="display_clientval_box" name="Display Behaviours Box" section="admin_plugins_menu/behaviours_section" weight="55" >
        <label key="item.behaviours.label" />
        <link linkId="behaviours">/secure/admin/Behaviours!default.jspa</link>
    </web-item>

    <rest key="rest-service-resources" path="/scriptrunner/behaviours" version="1.0" >
        <description>ScriptRunner REST Resource - Behaviours</description>
        <package>com.onresolve.jira.behaviours.restservice</package>
        <package>com.onresolve.scriptrunner.filters</package>
    </rest>

    <webwork1 key="client-val" name="Behaviours" >
        <actions>
            <action name="com.onresolve.jira.behaviours.ViewBehaviours" alias="Behaviours" roles-required="admin">
                <view name="input">/templates/behaviours/behaviours.vm</view>
                <view name="error">/templates/behaviours/behaviours.vm</view>
                <view name="success">/templates/behaviours/behaviours.vm</view>
            </action>

            <action name="com.onresolve.jira.behaviours.ViewBehaviours" alias="EditBehaviour" roles-required="admin">
                <view name="input">/templates/behaviours/behaviour_edit.vm</view>
                <view name="error">/templates/behaviours/behaviour_edit.vm</view>
                <view name="success">/templates/behaviours/behaviour_edit.vm</view>
            </action>

            <action name="com.onresolve.jira.behaviours.ViewBehaviours" alias="AdvancedEditBehaviour" roles-required="admin">
                <view name="input">/templates/behaviours/behaviour_edit_advanced.vm</view>
                <view name="error">/templates/behaviours/behaviour_edit_advanced.vm</view>
                <view name="success">/templates/behaviours/behaviour_edit_advanced.vm</view>
            </action>
        </actions>
    </webwork1>

    <!--behaviours custom fields-->
    <customfield-type key="hideable-textfield" name="Hideable Text Field (&lt; 255 characters)"
                      class="com.onresolve.jira.behaviours.customfields.HideableTextCFType"
                      >
        <description >Hideable - A basic single line text box custom field to allow simple text input.</description>

        <resource type="velocity" name="view" location="templates/plugins/fields/view/view-basictext.vm"/>
        <resource type="velocity" name="column-view" location="templates/plugins/fields/view/view-basictext.vm"/>
        <resource type="velocity" name="edit" location="templates/plugins/fields/edit/edit-maxlengthtext.vm"/>
        <resource type="velocity" name="xml" location="templates/plugins/fields/xml/xml-basictext.vm"/>
    </customfield-type>

    <customfield-type key="hideable-textarea" name="Hideable Free Text Field (unlimited text)"
                      class="com.onresolve.jira.behaviours.customfields.HideableTextAreaCFType"
                      >
        <description>Hideable - A multiline text area custom field to allow input of longer text strings.</description>

        <resource type="velocity" name="view" location="templates/plugins/fields/view/view-textarea.vm"/>
        <resource type="velocity" name="column-view" location="templates/plugins/fields/view/view-basictext.vm"/>
        <resource type="velocity" name="edit" location="templates/plugins/fields/edit/edit-textarea.vm"/>
        <resource type="velocity" name="xml" location="templates/plugins/fields/xml/xml-basictext.vm"/>
    </customfield-type>

    <web-resource key="execute-script-action-static-resources" name="Execute Script Automation Action Static Resources">
        <context>automation-addons-context</context>
        <resource type="download" name="icons/" location="images/"/>
    </web-resource>

    <automation-action key="execute-script-issue-action"
                       class="com.onresolve.scriptrunner.automation.ExecuteScriptIssueAction"
                       name="Execute a ScriptRunner script action for Automation for Jira">
        <!--
         This allows this rule component to be added in project specific rules in the project admin section
         Only allow this if your rule component is safe to be used by project administrators and cannot be used by them
         to escalate their permissions.  This generally means:
         * Don't use velocity rendering (velocity allows access to any underlying objects and methods which could be used to get around permission checks)
         * Perform appropriate permission checks in your server-side validation if your rule action can perform actions that not all users
           should be able to do.

         If in doubt, omit this parameter.
        -->
        <param name="projectSafe">false</param>
    </automation-action>

    <!-- PICKER CUSTOM FIELDS -->
    <srcustomfield-type key="multiple-issue-picker-cf" name="Multiple Issue Picker"
                        application="jira"
                        class="groovy:com.onresolve.scriptrunner.canned.jira.fields.editable.issue.MultiIssuePickerField"
    >
        <description>Pick from a list of issues from a JQL query. Tip: Is it easiest to create these from Admin -> Script Fields.</description>

        <resource type="download" name="customfieldpreview.png" location="images/multi-issue-picker-preview.png"/>

        <resource type="velocity" name="view" location="templates/customfield/view-custompicker.vm"/>
        <resource type="velocity" name="column-view" location="templates/customfield/view-custompicker.vm"/>
        <resource type="velocity" name="edit" location="templates/customfield/edit-custompicker.vm"/>
        <resource type="velocity" name="xml" location="templates/plugins/fields/xml/xml-basictext.vm"/>
        <category>STANDARD</category>
    </srcustomfield-type>

    <srcustomfield-type key="single-issue-picker-cf" name="Single Issue Picker"
                        application="jira"
                        class="groovy:com.onresolve.scriptrunner.canned.jira.fields.editable.issue.SingleIssuePickerField"
    >
        <description>Pick from a list of issues from a JQL query. Tip: Is it easiest to create these from Admin -> Script Fields.</description>

        <resource type="download" name="customfieldpreview.png" location="images/single-issue-picker-preview.png"/>

        <resource type="velocity" name="view" location="templates/customfield/view-custompicker.vm"/>
        <resource type="velocity" name="column-view" location="templates/customfield/view-custompicker.vm"/>
        <resource type="velocity" name="edit" location="templates/customfield/edit-custompicker.vm"/>
        <resource type="velocity" name="xml" location="templates/plugins/fields/xml/xml-basictext.vm"/>
        <category>STANDARD</category>
    </srcustomfield-type>

    <srcustomfield-type key="single-database-picker-cf" name="Single Database Values Picker"
                        application="jira"
                        class="com.onresolve.scriptrunner.canned.jira.fields.editable.database.SingleDbValuePicker"
    >
        <description>Pick a record from a linked database</description>
        <resource type="velocity" name="view" location="templates/customfield/view-custompicker.vm"/>
        <resource type="velocity" name="column-view" location="templates/customfield/view-custompicker.vm"/>
        <resource type="velocity" name="edit" location="templates/customfield/edit-custompicker.vm"/>
        <resource type="velocity" name="xml" location="templates/plugins/fields/xml/xml-basictext.vm"/>
        <category>STANDARD</category>
    </srcustomfield-type>

    <srcustomfield-type key="multiple-database-picker-cf" name="Database Picker Custom Field"
                        application="jira"
                        class="com.onresolve.scriptrunner.canned.jira.fields.editable.database.MultiDbValuePicker"
    >
        <description>Pick multiple records from a linked database</description>
        <resource type="velocity" name="view" location="templates/customfield/view-custompicker.vm"/>
        <resource type="velocity" name="column-view" location="templates/customfield/view-custompicker.vm"/>
        <resource type="velocity" name="edit" location="templates/customfield/edit-custompicker.vm"/>
        <resource type="velocity" name="xml" location="templates/plugins/fields/xml/xml-basictext.vm"/>
        <category>STANDARD</category>
    </srcustomfield-type>

    <srcustomfield-type key="single-remote-issue-picker-cf" name="Single Remote Issue Picker"
                        application="jira"
                        class="groovy:com.onresolve.scriptrunner.canned.jira.fields.editable.remoteissue.SingleRemoteIssuePickerField"
    >
        <description>Pick from a list of issues from a JQL query. Tip: Is it easiest to create these from Admin -> Script Fields.</description>

        <resource type="download" name="customfieldpreview.png" location="images/single-issue-picker-preview.png"/>

        <resource type="velocity" name="view" location="templates/customfield/view-custompicker.vm"/>
        <resource type="velocity" name="column-view" location="templates/customfield/view-custompicker.vm"/>
        <resource type="velocity" name="edit" location="templates/customfield/edit-custompicker.vm"/>
        <resource type="velocity" name="xml" location="templates/plugins/fields/xml/xml-basictext.vm"/>
        <category>STANDARD</category>
    </srcustomfield-type>

    <srcustomfield-type key="multiple-remote-issue-picker-cf" name="Multiple Remote Issue Picker"
                        application="jira"
                        class="groovy:com.onresolve.scriptrunner.canned.jira.fields.editable.remoteissue.MultipleRemoteIssuePickerField"
    >
        <description>Pick from a list of issues from a JQL query. Tip: Is it easiest to create these from Admin -> Script Fields.</description>

        <resource type="download" name="customfieldpreview.png" location="images/multi-issue-picker-preview.png"/>

        <resource type="velocity" name="view" location="templates/customfield/view-custompicker.vm"/>
        <resource type="velocity" name="column-view" location="templates/customfield/view-custompicker.vm"/>
        <resource type="velocity" name="edit" location="templates/customfield/edit-custompicker.vm"/>
        <resource type="velocity" name="xml" location="templates/plugins/fields/xml/xml-basictext.vm"/>
        <category>STANDARD</category>
    </srcustomfield-type>

    <!-- PICKER CUSTOM SEARCHERS -->
    <srcustomfield-searcher key="configurableDbPickerSearcher" name="Database Picker Searcher"
                            class="com.onresolve.scriptrunner.canned.jira.fields.editable.database.DbPickerSearcher"
                            application="jira">
        <description >Search for database picker</description>

        <resource type="velocity" name="search" location="templates/customfield/search-custompicker.vm"/>
        <resource type="velocity" name="view" location="templates/plugins/fields/view-searcher/view-searcher-basictext.vm"/>
        <valid-customfield-type package="com.onresolve.jira.groovy.groovyrunner" key="single-database-picker-cf"/>
    </srcustomfield-searcher>

    <srcustomfield-searcher key="configurablePickerSearcher" name="Issue Picker Searcher"
                            class="groovy:com.onresolve.scriptrunner.canned.jira.fields.editable.issue.IssuePickerSearcher"
                            application="jira">
        <description key="admin.customfield.searcher.textsearcher.desc">Search for issue picker.
        </description>

        <resource type="velocity" name="search" location="templates/customfield/search-custompicker.vm"/>
        <resource type="velocity" name="view" location="templates/plugins/fields/view-searcher/view-searcher-basictext.vm"/> <!--todo-->
        <valid-customfield-type package="com.onresolve.jira.groovy.groovyrunner" key="multiple-issue-picker-cf"/>
        <valid-customfield-type package="com.onresolve.jira.groovy.groovyrunner" key="single-issue-picker-cf"/>
    </srcustomfield-searcher>

    <srcustomfield-searcher key="remoteIssuePickerSearcher" name="Remote Issue Picker Searcher"
                            class="groovy:com.onresolve.scriptrunner.canned.jira.fields.editable.remoteissue.RemoteIssuePickerSearcher"
                            application="jira">
        <description key="admin.customfield.searcher.textsearcher.desc">Search for remote issue picker.
        </description>

        <resource type="velocity" name="search" location="templates/customfield/search-custompicker.vm"/>
        <resource type="velocity" name="view"
                  location="templates/plugins/fields/view-searcher/view-searcher-basictext.vm"/> <!--todo-->
        <valid-customfield-type package="com.onresolve.jira.groovy.groovyrunner" key="multiple-issue-picker-cf"/>
    </srcustomfield-searcher>

    <rest name="Canned comments rest"
          key="canned-comments-rest"
          path="/jsdcanned"
          version="1.0">
        <description>JSD Comments</description>
        <package>com.adaptavist.jsdcc.rest</package>
    </rest>

    <message-handler i18n-name-key="item.script.runner.mail.label" key="sr-mail-handler"
                     class="com.onresolve.scriptrunner.mail.MailHandler"
                     add-edit-url="/secure/admin/SrMailHandlerDetails!default.jspa" weight="10"/>

    <webwork1 key="mail-handler-val" name="ScriptRunner Mail Handler">
        <actions>
            <action name="com.onresolve.scriptrunner.mail.MailHandlerAction" alias="SrMailHandlerDetails" roles-required="admin">
                <view name="input">/templates/mail/mailHandler.vm</view>
                <view name="securitybreach">/secure/views/securitybreach.jsp</view>
            </action>
        </actions>
    </webwork1>
</atlassian-plugin>
