<atlassian-plugin plugins-version="2">

    <web-section key="scriptrunner_section" name="ScriptRunner Admin Section" location="admin_plugins_menu"
                 i18n-name-key="item.groovy.runner.label"  weight="150" application="jira">
        <label key="item.groovy.runner.websection.label" />
    </web-section>

    <web-item key="scriptrunner_item" name="ScriptRunner" section="admin_plugins_menu/scriptrunner_section" weight="15">
        <label key="item.groovy.runner.websection.label"/>
        <link linkId="scriptrunner_unlicensed">/plugins/servlet/scriptrunner/unlicensed</link>
    </web-item>

</atlassian-plugin>
