{
  "sections": [
    {
      "label": "Select Issue",
      "sub": "Showing 2 of 3 matching issues",
      "id": "foo",
      "issues": [
        {
          "key": "FOO-1",
          "keyHtml": "FOO-1",
          "img": "/images/icons/issuetypes/story.svg",
          "summary": "As a foo issue, I dont exist",
          "summaryText": "As a foo issue, I dont exist",
          "id": 77777
        },
        {
          "key": "FOO-2",
          "keyHtml": "FOO-2",
          "img": "/images/icons/issuetypes/story.svg",
          "summary": "As a second foo issue, I also dont exist",
          "summaryText": "As a second foo issue, I also dont exist",
          "id": 88888
        }
      ],
      "totalIssues": 3
    }
  ]
}