<repository lastmodified='20191227080648.193'>
  <resource id='com.thed.zephyr.je/5.4.1' symbolicname='com.thed.zephyr.je' presentationname='Zephyr for JIRA' uri='je-5.4.1.jar' version='5.4.1'>
    <description>Test Management application for JIRA from Zephyr (see http://www.getzephyr.com for more details)</description>
    <size>20126746</size>
    <documentation>http://www.getzephyr.com/</documentation>
    <capability name='bundle'>
      <p n='symbolicname' v='com.thed.zephyr.je'/>
      <p n='presentationname' v='Zephyr for JIRA'/>
      <p n='version' t='version' v='5.4.1'/>
      <p n='manifestversion' v='2'/>
    </capability>
    <require name='package' filter='(&amp;(package=com.atlassian.activeobjects.external))' extend='false' multiple='false' optional='true'>Import package com.atlassian.activeobjects.external;resolution:=optional</require>
    <require name='package' filter='(&amp;(package=com.atlassian.activeobjects.tx))' extend='false' multiple='false' optional='true'>Import package com.atlassian.activeobjects.tx;resolution:=optional</require>
    <require name='package' filter='(&amp;(package=com.atlassian.adapter.jackson))' extend='false' multiple='false' optional='true'>Import package com.atlassian.adapter.jackson;resolution:=optional</require>
    <require name='package' filter='(&amp;(package=com.atlassian.application.api))' extend='false' multiple='false' optional='true'>Import package com.atlassian.application.api;resolution:=optional</require>
    <require name='package' filter='(&amp;(package=com.atlassian.beehive))' extend='false' multiple='false' optional='true'>Import package com.atlassian.beehive;resolution:=optional</require>
    <require name='package' filter='(&amp;(package=com.atlassian.cache))' extend='false' multiple='false' optional='true'>Import package com.atlassian.cache;resolution:=optional</require>
    <require name='package' filter='(&amp;(package=com.atlassian.configurable))' extend='false' multiple='false' optional='true'>Import package com.atlassian.configurable;resolution:=optional</require>
    <require name='package' filter='(&amp;(package=com.atlassian.confluence.cluster))' extend='false' multiple='false' optional='true'>Import package com.atlassian.confluence.cluster;resolution:=optional</require>
    <require name='package' filter='(&amp;(package=com.atlassian.confluence.concurrent))' extend='false' multiple='false' optional='true'>Import package com.atlassian.confluence.concurrent;resolution:=optional</require>
    <require name='package' filter='(&amp;(package=com.atlassian.core.filters))' extend='false' multiple='false' optional='true'>Import package com.atlassian.core.filters;resolution:=optional</require>
    <require name='package' filter='(&amp;(package=com.atlassian.core.util))' extend='false' multiple='false' optional='true'>Import package com.atlassian.core.util;resolution:=optional</require>
    <require name='package' filter='(&amp;(package=com.atlassian.core.util.map))' extend='false' multiple='false' optional='true'>Import package com.atlassian.core.util.map;resolution:=optional</require>
    <require name='package' filter='(&amp;(package=com.atlassian.crowd.embedded.api))' extend='false' multiple='false' optional='true'>Import package com.atlassian.crowd.embedded.api;resolution:=optional</require>
    <require name='package' filter='(&amp;(package=com.atlassian.crowd.embedded.impl))' extend='false' multiple='false' optional='true'>Import package com.atlassian.crowd.embedded.impl;resolution:=optional</require>
    <require name='package' filter='(&amp;(package=com.atlassian.crowd.event.user))' extend='false' multiple='false' optional='true'>Import package com.atlassian.crowd.event.user;resolution:=optional</require>
    <require name='package' filter='(&amp;(package=com.atlassian.crowd.exception))' extend='false' multiple='false' optional='true'>Import package com.atlassian.crowd.exception;resolution:=optional</require>
    <require name='package' filter='(&amp;(package=com.atlassian.crowd.exception.embedded))' extend='false' multiple='false' optional='true'>Import package com.atlassian.crowd.exception.embedded;resolution:=optional</require>
    <require name='package' filter='(&amp;(package=com.atlassian.crowd.model.user))' extend='false' multiple='false' optional='true'>Import package com.atlassian.crowd.model.user;resolution:=optional</require>
    <require name='package' filter='(&amp;(package=com.atlassian.event.api))' extend='false' multiple='false' optional='true'>Import package com.atlassian.event.api;resolution:=optional</require>
    <require name='package' filter='(&amp;(package=com.atlassian.extras.api))' extend='false' multiple='false' optional='true'>Import package com.atlassian.extras.api;resolution:=optional</require>
    <require name='package' filter='(&amp;(package=com.atlassian.extras.api.jira))' extend='false' multiple='false' optional='true'>Import package com.atlassian.extras.api.jira;resolution:=optional</require>
    <require name='package' filter='(&amp;(package=com.atlassian.fugue))' extend='false' multiple='false' optional='true'>Import package com.atlassian.fugue;resolution:=optional</require>
    <require name='package' filter='(&amp;(package=com.atlassian.gadgets.dashboard))' extend='false' multiple='false' optional='true'>Import package com.atlassian.gadgets.dashboard;resolution:=optional</require>
    <require name='package' filter='(&amp;(package=com.atlassian.greenhopper.model.validation))' extend='false' multiple='false' optional='true'>Import package com.atlassian.greenhopper.model.validation;resolution:=optional</require>
    <require name='package' filter='(&amp;(package=com.atlassian.greenhopper.service))' extend='false' multiple='false' optional='true'>Import package com.atlassian.greenhopper.service;resolution:=optional</require>
    <require name='package' filter='(&amp;(package=com.atlassian.greenhopper.service.sprint))' extend='false' multiple='false' optional='true'>Import package com.atlassian.greenhopper.service.sprint;resolution:=optional</require>
    <require name='package' filter='(&amp;(package=com.atlassian.gzipfilter.org.apache.commons.lang))' extend='false' multiple='false' optional='true'>Import package com.atlassian.gzipfilter.org.apache.commons.lang;resolution:=optional</require>
    <require name='package' filter='(&amp;(package=com.atlassian.instrumentation))' extend='false' multiple='false' optional='true'>Import package com.atlassian.instrumentation;resolution:=optional</require>
    <require name='package' filter='(&amp;(package=com.atlassian.instrumentation.operations))' extend='false' multiple='false' optional='true'>Import package com.atlassian.instrumentation.operations;resolution:=optional</require>
    <require name='package' filter='(&amp;(package=com.atlassian.jira))' extend='false' multiple='false' optional='true'>Import package com.atlassian.jira;resolution:=optional</require>
    <require name='package' filter='(&amp;(package=com.atlassian.jira.application))' extend='false' multiple='false' optional='true'>Import package com.atlassian.jira.application;resolution:=optional</require>
    <require name='package' filter='(&amp;(package=com.atlassian.jira.avatar))' extend='false' multiple='false' optional='true'>Import package com.atlassian.jira.avatar;resolution:=optional</require>
    <require name='package' filter='(&amp;(package=com.atlassian.jira.bc))' extend='false' multiple='false' optional='true'>Import package com.atlassian.jira.bc;resolution:=optional</require>
    <require name='package' filter='(&amp;(package=com.atlassian.jira.bc.filter))' extend='false' multiple='false' optional='true'>Import package com.atlassian.jira.bc.filter;resolution:=optional</require>
    <require name='package' filter='(&amp;(package=com.atlassian.jira.bc.group.search))' extend='false' multiple='false' optional='true'>Import package com.atlassian.jira.bc.group.search;resolution:=optional</require>
    <require name='package' filter='(&amp;(package=com.atlassian.jira.bc.issue))' extend='false' multiple='false' optional='true'>Import package com.atlassian.jira.bc.issue;resolution:=optional</require>
    <require name='package' filter='(&amp;(package=com.atlassian.jira.bc.issue.attachment))' extend='false' multiple='false' optional='true'>Import package com.atlassian.jira.bc.issue.attachment;resolution:=optional</require>
    <require name='package' filter='(&amp;(package=com.atlassian.jira.bc.issue.comment))' extend='false' multiple='false' optional='true'>Import package com.atlassian.jira.bc.issue.comment;resolution:=optional</require>
    <require name='package' filter='(&amp;(package=com.atlassian.jira.bc.issue.label))' extend='false' multiple='false' optional='true'>Import package com.atlassian.jira.bc.issue.label;resolution:=optional</require>
    <require name='package' filter='(&amp;(package=com.atlassian.jira.bc.issue.link))' extend='false' multiple='false' optional='true'>Import package com.atlassian.jira.bc.issue.link;resolution:=optional</require>
    <require name='package' filter='(&amp;(package=com.atlassian.jira.bc.issue.search))' extend='false' multiple='false' optional='true'>Import package com.atlassian.jira.bc.issue.search;resolution:=optional</require>
    <require name='package' filter='(&amp;(package=com.atlassian.jira.bc.issue.worklog))' extend='false' multiple='false' optional='true'>Import package com.atlassian.jira.bc.issue.worklog;resolution:=optional</require>
    <require name='package' filter='(&amp;(package=com.atlassian.jira.bc.license))' extend='false' multiple='false' optional='true'>Import package com.atlassian.jira.bc.license;resolution:=optional</require>
    <require name='package' filter='(&amp;(package=com.atlassian.jira.bc.project))' extend='false' multiple='false' optional='true'>Import package com.atlassian.jira.bc.project;resolution:=optional</require>
    <require name='package' filter='(&amp;(package=com.atlassian.jira.bc.project.component))' extend='false' multiple='false' optional='true'>Import package com.atlassian.jira.bc.project.component;resolution:=optional</require>
    <require name='package' filter='(&amp;(package=com.atlassian.jira.bc.projectroles))' extend='false' multiple='false' optional='true'>Import package com.atlassian.jira.bc.projectroles;resolution:=optional</require>
    <require name='package' filter='(&amp;(package=com.atlassian.jira.bc.user.search))' extend='false' multiple='false' optional='true'>Import package com.atlassian.jira.bc.user.search;resolution:=optional</require>
    <require name='package' filter='(&amp;(package=com.atlassian.jira.bulkedit))' extend='false' multiple='false' optional='true'>Import package com.atlassian.jira.bulkedit;resolution:=optional</require>
    <require name='package' filter='(&amp;(package=com.atlassian.jira.bulkedit.operation))' extend='false' multiple='false' optional='true'>Import package com.atlassian.jira.bulkedit.operation;resolution:=optional</require>
    <require name='package' filter='(&amp;(package=com.atlassian.jira.cache))' extend='false' multiple='false' optional='true'>Import package com.atlassian.jira.cache;resolution:=optional</require>
    <require name='package' filter='(&amp;(package=com.atlassian.jira.cache.request))' extend='false' multiple='false' optional='true'>Import package com.atlassian.jira.cache.request;resolution:=optional</require>
    <require name='package' filter='(&amp;(package=com.atlassian.jira.charts))' extend='false' multiple='false' optional='true'>Import package com.atlassian.jira.charts;resolution:=optional</require>
    <require name='package' filter='(&amp;(package=com.atlassian.jira.charts.jfreechart.util))' extend='false' multiple='false' optional='true'>Import package com.atlassian.jira.charts.jfreechart.util;resolution:=optional</require>
    <require name='package' filter='(&amp;(package=com.atlassian.jira.charts.util))' extend='false' multiple='false' optional='true'>Import package com.atlassian.jira.charts.util;resolution:=optional</require>
    <require name='package' filter='(&amp;(package=com.atlassian.jira.cluster))' extend='false' multiple='false' optional='true'>Import package com.atlassian.jira.cluster;resolution:=optional</require>
    <require name='package' filter='(&amp;(package=com.atlassian.jira.cluster.logging))' extend='false' multiple='false' optional='true'>Import package com.atlassian.jira.cluster.logging;resolution:=optional</require>
    <require name='package' filter='(&amp;(package=com.atlassian.jira.component))' extend='false' multiple='false' optional='true'>Import package com.atlassian.jira.component;resolution:=optional</require>
    <require name='package' filter='(&amp;(package=com.atlassian.jira.concurrent))' extend='false' multiple='false' optional='true'>Import package com.atlassian.jira.concurrent;resolution:=optional</require>
    <require name='package' filter='(&amp;(package=com.atlassian.jira.config))' extend='false' multiple='false' optional='true'>Import package com.atlassian.jira.config;resolution:=optional</require>
    <require name='package' filter='(&amp;(package=com.atlassian.jira.config.database))' extend='false' multiple='false' optional='true'>Import package com.atlassian.jira.config.database;resolution:=optional</require>
    <require name='package' filter='(&amp;(package=com.atlassian.jira.config.properties))' extend='false' multiple='false' optional='true'>Import package com.atlassian.jira.config.properties;resolution:=optional</require>
    <require name='package' filter='(&amp;(package=com.atlassian.jira.config.util))' extend='false' multiple='false' optional='true'>Import package com.atlassian.jira.config.util;resolution:=optional</require>
    <require name='package' filter='(&amp;(package=com.atlassian.jira.datetime))' extend='false' multiple='false' optional='true'>Import package com.atlassian.jira.datetime;resolution:=optional</require>
    <require name='package' filter='(&amp;(package=com.atlassian.jira.event))' extend='false' multiple='false' optional='true'>Import package com.atlassian.jira.event;resolution:=optional</require>
    <require name='package' filter='(&amp;(package=com.atlassian.jira.event.issue))' extend='false' multiple='false' optional='true'>Import package com.atlassian.jira.event.issue;resolution:=optional</require>
    <require name='package' filter='(&amp;(package=com.atlassian.jira.event.operation))' extend='false' multiple='false' optional='true'>Import package com.atlassian.jira.event.operation;resolution:=optional</require>
    <require name='package' filter='(&amp;(package=com.atlassian.jira.event.project))' extend='false' multiple='false' optional='true'>Import package com.atlassian.jira.event.project;resolution:=optional</require>
    <require name='package' filter='(&amp;(package=com.atlassian.jira.event.type))' extend='false' multiple='false' optional='true'>Import package com.atlassian.jira.event.type;resolution:=optional</require>
    <require name='package' filter='(&amp;(package=com.atlassian.jira.exception))' extend='false' multiple='false' optional='true'>Import package com.atlassian.jira.exception;resolution:=optional</require>
    <require name='package' filter='(&amp;(package=com.atlassian.jira.extension))' extend='false' multiple='false' optional='true'>Import package com.atlassian.jira.extension;resolution:=optional</require>
    <require name='package' filter='(&amp;(package=com.atlassian.jira.index))' extend='false' multiple='false' optional='true'>Import package com.atlassian.jira.index;resolution:=optional</require>
    <require name='package' filter='(&amp;(package=com.atlassian.jira.instrumentation))' extend='false' multiple='false' optional='true'>Import package com.atlassian.jira.instrumentation;resolution:=optional</require>
    <require name='package' filter='(&amp;(package=com.atlassian.jira.issue))' extend='false' multiple='false' optional='true'>Import package com.atlassian.jira.issue;resolution:=optional</require>
    <require name='package' filter='(&amp;(package=com.atlassian.jira.issue.attachment))' extend='false' multiple='false' optional='true'>Import package com.atlassian.jira.issue.attachment;resolution:=optional</require>
    <require name='package' filter='(&amp;(package=com.atlassian.jira.issue.changehistory))' extend='false' multiple='false' optional='true'>Import package com.atlassian.jira.issue.changehistory;resolution:=optional</require>
    <require name='package' filter='(&amp;(package=com.atlassian.jira.issue.comments))' extend='false' multiple='false' optional='true'>Import package com.atlassian.jira.issue.comments;resolution:=optional</require>
    <require name='package' filter='(&amp;(package=com.atlassian.jira.issue.comparator))' extend='false' multiple='false' optional='true'>Import package com.atlassian.jira.issue.comparator;resolution:=optional</require>
    <require name='package' filter='(&amp;(package=com.atlassian.jira.issue.context))' extend='false' multiple='false' optional='true'>Import package com.atlassian.jira.issue.context;resolution:=optional</require>
    <require name='package' filter='(&amp;(package=com.atlassian.jira.issue.context.manager))' extend='false' multiple='false' optional='true'>Import package com.atlassian.jira.issue.context.manager;resolution:=optional</require>
    <require name='package' filter='(&amp;(package=com.atlassian.jira.issue.customfields))' extend='false' multiple='false' optional='true'>Import package com.atlassian.jira.issue.customfields;resolution:=optional</require>
    <require name='package' filter='(&amp;(package=com.atlassian.jira.issue.customfields.converters))' extend='false' multiple='false' optional='true'>Import package com.atlassian.jira.issue.customfields.converters;resolution:=optional</require>
    <require name='package' filter='(&amp;(package=com.atlassian.jira.issue.customfields.impl))' extend='false' multiple='false' optional='true'>Import package com.atlassian.jira.issue.customfields.impl;resolution:=optional</require>
    <require name='package' filter='(&amp;(package=com.atlassian.jira.issue.customfields.manager))' extend='false' multiple='false' optional='true'>Import package com.atlassian.jira.issue.customfields.manager;resolution:=optional</require>
    <require name='package' filter='(&amp;(package=com.atlassian.jira.issue.customfields.option))' extend='false' multiple='false' optional='true'>Import package com.atlassian.jira.issue.customfields.option;resolution:=optional</require>
    <require name='package' filter='(&amp;(package=com.atlassian.jira.issue.customfields.persistence))' extend='false' multiple='false' optional='true'>Import package com.atlassian.jira.issue.customfields.persistence;resolution:=optional</require>
    <require name='package' filter='(&amp;(package=com.atlassian.jira.issue.customfields.searchers))' extend='false' multiple='false' optional='true'>Import package com.atlassian.jira.issue.customfields.searchers;resolution:=optional</require>
    <require name='package' filter='(&amp;(package=com.atlassian.jira.issue.customfields.searchers.information))' extend='false' multiple='false' optional='true'>Import package com.atlassian.jira.issue.customfields.searchers.information;resolution:=optional</require>
    <require name='package' filter='(&amp;(package=com.atlassian.jira.issue.customfields.searchers.renderer))' extend='false' multiple='false' optional='true'>Import package com.atlassian.jira.issue.customfields.searchers.renderer;resolution:=optional</require>
    <require name='package' filter='(&amp;(package=com.atlassian.jira.issue.customfields.searchers.transformer))' extend='false' multiple='false' optional='true'>Import package com.atlassian.jira.issue.customfields.searchers.transformer;resolution:=optional</require>
    <require name='package' filter='(&amp;(package=com.atlassian.jira.issue.customfields.view))' extend='false' multiple='false' optional='true'>Import package com.atlassian.jira.issue.customfields.view;resolution:=optional</require>
    <require name='package' filter='(&amp;(package=com.atlassian.jira.issue.fields))' extend='false' multiple='false' optional='true'>Import package com.atlassian.jira.issue.fields;resolution:=optional</require>
    <require name='package' filter='(&amp;(package=com.atlassian.jira.issue.fields.config))' extend='false' multiple='false' optional='true'>Import package com.atlassian.jira.issue.fields.config;resolution:=optional</require>
    <require name='package' filter='(&amp;(package=com.atlassian.jira.issue.fields.config.manager))' extend='false' multiple='false' optional='true'>Import package com.atlassian.jira.issue.fields.config.manager;resolution:=optional</require>
    <require name='package' filter='(&amp;(package=com.atlassian.jira.issue.fields.layout.field))' extend='false' multiple='false' optional='true'>Import package com.atlassian.jira.issue.fields.layout.field;resolution:=optional</require>
    <require name='package' filter='(&amp;(package=com.atlassian.jira.issue.fields.renderer))' extend='false' multiple='false' optional='true'>Import package com.atlassian.jira.issue.fields.renderer;resolution:=optional</require>
    <require name='package' filter='(&amp;(package=com.atlassian.jira.issue.fields.renderer.wiki))' extend='false' multiple='false' optional='true'>Import package com.atlassian.jira.issue.fields.renderer.wiki;resolution:=optional</require>
    <require name='package' filter='(&amp;(package=com.atlassian.jira.issue.fields.rest.json.beans))' extend='false' multiple='false' optional='true'>Import package com.atlassian.jira.issue.fields.rest.json.beans;resolution:=optional</require>
    <require name='package' filter='(&amp;(package=com.atlassian.jira.issue.fields.screen))' extend='false' multiple='false' optional='true'>Import package com.atlassian.jira.issue.fields.screen;resolution:=optional</require>
    <require name='package' filter='(&amp;(package=com.atlassian.jira.issue.fields.screen.issuetype))' extend='false' multiple='false' optional='true'>Import package com.atlassian.jira.issue.fields.screen.issuetype;resolution:=optional</require>
    <require name='package' filter='(&amp;(package=com.atlassian.jira.issue.history))' extend='false' multiple='false' optional='true'>Import package com.atlassian.jira.issue.history;resolution:=optional</require>
    <require name='package' filter='(&amp;(package=com.atlassian.jira.issue.index))' extend='false' multiple='false' optional='true'>Import package com.atlassian.jira.issue.index;resolution:=optional</require>
    <require name='package' filter='(&amp;(package=com.atlassian.jira.issue.index.indexers))' extend='false' multiple='false' optional='true'>Import package com.atlassian.jira.issue.index.indexers;resolution:=optional</require>
    <require name='package' filter='(&amp;(package=com.atlassian.jira.issue.index.indexers.impl))' extend='false' multiple='false' optional='true'>Import package com.atlassian.jira.issue.index.indexers.impl;resolution:=optional</require>
    <require name='package' filter='(&amp;(package=com.atlassian.jira.issue.issuetype))' extend='false' multiple='false' optional='true'>Import package com.atlassian.jira.issue.issuetype;resolution:=optional</require>
    <require name='package' filter='(&amp;(package=com.atlassian.jira.issue.label))' extend='false' multiple='false' optional='true'>Import package com.atlassian.jira.issue.label;resolution:=optional</require>
    <require name='package' filter='(&amp;(package=com.atlassian.jira.issue.link))' extend='false' multiple='false' optional='true'>Import package com.atlassian.jira.issue.link;resolution:=optional</require>
    <require name='package' filter='(&amp;(package=com.atlassian.jira.issue.priority))' extend='false' multiple='false' optional='true'>Import package com.atlassian.jira.issue.priority;resolution:=optional</require>
    <require name='package' filter='(&amp;(package=com.atlassian.jira.issue.resolution))' extend='false' multiple='false' optional='true'>Import package com.atlassian.jira.issue.resolution;resolution:=optional</require>
    <require name='package' filter='(&amp;(package=com.atlassian.jira.issue.search))' extend='false' multiple='false' optional='true'>Import package com.atlassian.jira.issue.search;resolution:=optional</require>
    <require name='package' filter='(&amp;(package=com.atlassian.jira.issue.search.constants))' extend='false' multiple='false' optional='true'>Import package com.atlassian.jira.issue.search.constants;resolution:=optional</require>
    <require name='package' filter='(&amp;(package=com.atlassian.jira.issue.search.optimizers))' extend='false' multiple='false' optional='true'>Import package com.atlassian.jira.issue.search.optimizers;resolution:=optional</require>
    <require name='package' filter='(&amp;(package=com.atlassian.jira.issue.search.parameters.lucene))' extend='false' multiple='false' optional='true'>Import package com.atlassian.jira.issue.search.parameters.lucene;resolution:=optional</require>
    <require name='package' filter='(&amp;(package=com.atlassian.jira.issue.search.parameters.lucene.sort))' extend='false' multiple='false' optional='true'>Import package com.atlassian.jira.issue.search.parameters.lucene.sort;resolution:=optional</require>
    <require name='package' filter='(&amp;(package=com.atlassian.jira.issue.search.searchers.information))' extend='false' multiple='false' optional='true'>Import package com.atlassian.jira.issue.search.searchers.information;resolution:=optional</require>
    <require name='package' filter='(&amp;(package=com.atlassian.jira.issue.search.searchers.renderer))' extend='false' multiple='false' optional='true'>Import package com.atlassian.jira.issue.search.searchers.renderer;resolution:=optional</require>
    <require name='package' filter='(&amp;(package=com.atlassian.jira.issue.search.searchers.transformer))' extend='false' multiple='false' optional='true'>Import package com.atlassian.jira.issue.search.searchers.transformer;resolution:=optional</require>
    <require name='package' filter='(&amp;(package=com.atlassian.jira.issue.search.util))' extend='false' multiple='false' optional='true'>Import package com.atlassian.jira.issue.search.util;resolution:=optional</require>
    <require name='package' filter='(&amp;(package=com.atlassian.jira.issue.security))' extend='false' multiple='false' optional='true'>Import package com.atlassian.jira.issue.security;resolution:=optional</require>
    <require name='package' filter='(&amp;(package=com.atlassian.jira.issue.statistics))' extend='false' multiple='false' optional='true'>Import package com.atlassian.jira.issue.statistics;resolution:=optional</require>
    <require name='package' filter='(&amp;(package=com.atlassian.jira.issue.statistics.util))' extend='false' multiple='false' optional='true'>Import package com.atlassian.jira.issue.statistics.util;resolution:=optional</require>
    <require name='package' filter='(&amp;(package=com.atlassian.jira.issue.status))' extend='false' multiple='false' optional='true'>Import package com.atlassian.jira.issue.status;resolution:=optional</require>
    <require name='package' filter='(&amp;(package=com.atlassian.jira.issue.status.category))' extend='false' multiple='false' optional='true'>Import package com.atlassian.jira.issue.status.category;resolution:=optional</require>
    <require name='package' filter='(&amp;(package=com.atlassian.jira.issue.transport))' extend='false' multiple='false' optional='true'>Import package com.atlassian.jira.issue.transport;resolution:=optional</require>
    <require name='package' filter='(&amp;(package=com.atlassian.jira.issue.transport.impl))' extend='false' multiple='false' optional='true'>Import package com.atlassian.jira.issue.transport.impl;resolution:=optional</require>
    <require name='package' filter='(&amp;(package=com.atlassian.jira.issue.views.util))' extend='false' multiple='false' optional='true'>Import package com.atlassian.jira.issue.views.util;resolution:=optional</require>
    <require name='package' filter='(&amp;(package=com.atlassian.jira.jql))' extend='false' multiple='false' optional='true'>Import package com.atlassian.jira.jql;resolution:=optional</require>
    <require name='package' filter='(&amp;(package=com.atlassian.jira.jql.builder))' extend='false' multiple='false' optional='true'>Import package com.atlassian.jira.jql.builder;resolution:=optional</require>
    <require name='package' filter='(&amp;(package=com.atlassian.jira.jql.clause))' extend='false' multiple='false' optional='true'>Import package com.atlassian.jira.jql.clause;resolution:=optional</require>
    <require name='package' filter='(&amp;(package=com.atlassian.jira.jql.context))' extend='false' multiple='false' optional='true'>Import package com.atlassian.jira.jql.context;resolution:=optional</require>
    <require name='package' filter='(&amp;(package=com.atlassian.jira.jql.operand))' extend='false' multiple='false' optional='true'>Import package com.atlassian.jira.jql.operand;resolution:=optional</require>
    <require name='package' filter='(&amp;(package=com.atlassian.jira.jql.operator))' extend='false' multiple='false' optional='true'>Import package com.atlassian.jira.jql.operator;resolution:=optional</require>
    <require name='package' filter='(&amp;(package=com.atlassian.jira.jql.parser))' extend='false' multiple='false' optional='true'>Import package com.atlassian.jira.jql.parser;resolution:=optional</require>
    <require name='package' filter='(&amp;(package=com.atlassian.jira.jql.permission))' extend='false' multiple='false' optional='true'>Import package com.atlassian.jira.jql.permission;resolution:=optional</require>
    <require name='package' filter='(&amp;(package=com.atlassian.jira.jql.query))' extend='false' multiple='false' optional='true'>Import package com.atlassian.jira.jql.query;resolution:=optional</require>
    <require name='package' filter='(&amp;(package=com.atlassian.jira.jql.resolver))' extend='false' multiple='false' optional='true'>Import package com.atlassian.jira.jql.resolver;resolution:=optional</require>
    <require name='package' filter='(&amp;(package=com.atlassian.jira.jql.util))' extend='false' multiple='false' optional='true'>Import package com.atlassian.jira.jql.util;resolution:=optional</require>
    <require name='package' filter='(&amp;(package=com.atlassian.jira.jql.validator))' extend='false' multiple='false' optional='true'>Import package com.atlassian.jira.jql.validator;resolution:=optional</require>
    <require name='package' filter='(&amp;(package=com.atlassian.jira.jql.values))' extend='false' multiple='false' optional='true'>Import package com.atlassian.jira.jql.values;resolution:=optional</require>
    <require name='package' filter='(&amp;(package=com.atlassian.jira.license))' extend='false' multiple='false' optional='true'>Import package com.atlassian.jira.license;resolution:=optional</require>
    <require name='package' filter='(&amp;(package=com.atlassian.jira.logging))' extend='false' multiple='false' optional='true'>Import package com.atlassian.jira.logging;resolution:=optional</require>
    <require name='package' filter='(&amp;(package=com.atlassian.jira.lucenelegacy))' extend='false' multiple='false' optional='true'>Import package com.atlassian.jira.lucenelegacy;resolution:=optional</require>
    <require name='package' filter='(&amp;(package=com.atlassian.jira.mail))' extend='false' multiple='false' optional='true'>Import package com.atlassian.jira.mail;resolution:=optional</require>
    <require name='package' filter='(&amp;(package=com.atlassian.jira.ofbiz))' extend='false' multiple='false' optional='true'>Import package com.atlassian.jira.ofbiz;resolution:=optional</require>
    <require name='package' filter='(&amp;(package=com.atlassian.jira.permission))' extend='false' multiple='false' optional='true'>Import package com.atlassian.jira.permission;resolution:=optional</require>
    <require name='package' filter='(&amp;(package=com.atlassian.jira.plugin.customfield))' extend='false' multiple='false' optional='true'>Import package com.atlassian.jira.plugin.customfield;resolution:=optional</require>
    <require name='package' filter='(&amp;(package=com.atlassian.jira.plugin.issuetabpanel))' extend='false' multiple='false' optional='true'>Import package com.atlassian.jira.plugin.issuetabpanel;resolution:=optional</require>
    <require name='package' filter='(&amp;(package=com.atlassian.jira.plugin.jql.function))' extend='false' multiple='false' optional='true'>Import package com.atlassian.jira.plugin.jql.function;resolution:=optional</require>
    <require name='package' filter='(&amp;(package=com.atlassian.jira.plugin.license))' extend='false' multiple='false' optional='true'>Import package com.atlassian.jira.plugin.license;resolution:=optional</require>
    <require name='package' filter='(&amp;(package=com.atlassian.jira.plugin.navigation))' extend='false' multiple='false' optional='true'>Import package com.atlassian.jira.plugin.navigation;resolution:=optional</require>
    <require name='package' filter='(&amp;(package=com.atlassian.jira.plugin.projectpanel.impl))' extend='false' multiple='false' optional='true'>Import package com.atlassian.jira.plugin.projectpanel.impl;resolution:=optional</require>
    <require name='package' filter='(&amp;(package=com.atlassian.jira.plugin.report))' extend='false' multiple='false' optional='true'>Import package com.atlassian.jira.plugin.report;resolution:=optional</require>
    <require name='package' filter='(&amp;(package=com.atlassian.jira.plugin.report.impl))' extend='false' multiple='false' optional='true'>Import package com.atlassian.jira.plugin.report.impl;resolution:=optional</require>
    <require name='package' filter='(&amp;(package=com.atlassian.jira.plugin.webfragment))' extend='false' multiple='false' optional='true'>Import package com.atlassian.jira.plugin.webfragment;resolution:=optional</require>
    <require name='package' filter='(&amp;(package=com.atlassian.jira.plugin.webfragment.conditions))' extend='false' multiple='false' optional='true'>Import package com.atlassian.jira.plugin.webfragment.conditions;resolution:=optional</require>
    <require name='package' filter='(&amp;(package=com.atlassian.jira.plugin.webfragment.contextproviders))' extend='false' multiple='false' optional='true'>Import package com.atlassian.jira.plugin.webfragment.contextproviders;resolution:=optional</require>
    <require name='package' filter='(&amp;(package=com.atlassian.jira.plugin.webfragment.descriptors))' extend='false' multiple='false' optional='true'>Import package com.atlassian.jira.plugin.webfragment.descriptors;resolution:=optional</require>
    <require name='package' filter='(&amp;(package=com.atlassian.jira.plugin.webfragment.model))' extend='false' multiple='false' optional='true'>Import package com.atlassian.jira.plugin.webfragment.model;resolution:=optional</require>
    <require name='package' filter='(&amp;(package=com.atlassian.jira.plugin.workflow))' extend='false' multiple='false' optional='true'>Import package com.atlassian.jira.plugin.workflow;resolution:=optional</require>
    <require name='package' filter='(&amp;(package=com.atlassian.jira.portal))' extend='false' multiple='false' optional='true'>Import package com.atlassian.jira.portal;resolution:=optional</require>
    <require name='package' filter='(&amp;(package=com.atlassian.jira.project))' extend='false' multiple='false' optional='true'>Import package com.atlassian.jira.project;resolution:=optional</require>
    <require name='package' filter='(&amp;(package=com.atlassian.jira.project.browse))' extend='false' multiple='false' optional='true'>Import package com.atlassian.jira.project.browse;resolution:=optional</require>
    <require name='package' filter='(&amp;(package=com.atlassian.jira.project.type))' extend='false' multiple='false' optional='true'>Import package com.atlassian.jira.project.type;resolution:=optional</require>
    <require name='package' filter='(&amp;(package=com.atlassian.jira.project.version))' extend='false' multiple='false' optional='true'>Import package com.atlassian.jira.project.version;resolution:=optional</require>
    <require name='package' filter='(&amp;(package=com.atlassian.jira.propertyset))' extend='false' multiple='false' optional='true'>Import package com.atlassian.jira.propertyset;resolution:=optional</require>
    <require name='package' filter='(&amp;(package=com.atlassian.jira.rest.v2.issue))' extend='false' multiple='false' optional='true'>Import package com.atlassian.jira.rest.v2.issue;resolution:=optional</require>
    <require name='package' filter='(&amp;(package=com.atlassian.jira.scheme))' extend='false' multiple='false' optional='true'>Import package com.atlassian.jira.scheme;resolution:=optional</require>
    <require name='package' filter='(&amp;(package=com.atlassian.jira.security))' extend='false' multiple='false' optional='true'>Import package com.atlassian.jira.security;resolution:=optional</require>
    <require name='package' filter='(&amp;(package=com.atlassian.jira.security.groups))' extend='false' multiple='false' optional='true'>Import package com.atlassian.jira.security.groups;resolution:=optional</require>
    <require name='package' filter='(&amp;(package=com.atlassian.jira.security.plugin))' extend='false' multiple='false' optional='true'>Import package com.atlassian.jira.security.plugin;resolution:=optional</require>
    <require name='package' filter='(&amp;(package=com.atlassian.jira.security.roles))' extend='false' multiple='false' optional='true'>Import package com.atlassian.jira.security.roles;resolution:=optional</require>
    <require name='package' filter='(&amp;(package=com.atlassian.jira.security.type))' extend='false' multiple='false' optional='true'>Import package com.atlassian.jira.security.type;resolution:=optional</require>
    <require name='package' filter='(&amp;(package=com.atlassian.jira.security.xsrf))' extend='false' multiple='false' optional='true'>Import package com.atlassian.jira.security.xsrf;resolution:=optional</require>
    <require name='package' filter='(&amp;(package=com.atlassian.jira.sharing))' extend='false' multiple='false' optional='true'>Import package com.atlassian.jira.sharing;resolution:=optional</require>
    <require name='package' filter='(&amp;(package=com.atlassian.jira.sharing.search))' extend='false' multiple='false' optional='true'>Import package com.atlassian.jira.sharing.search;resolution:=optional</require>
    <require name='package' filter='(&amp;(package=com.atlassian.jira.task))' extend='false' multiple='false' optional='true'>Import package com.atlassian.jira.task;resolution:=optional</require>
    <require name='package' filter='(&amp;(package=com.atlassian.jira.task.context))' extend='false' multiple='false' optional='true'>Import package com.atlassian.jira.task.context;resolution:=optional</require>
    <require name='package' filter='(&amp;(package=com.atlassian.jira.tenancy))' extend='false' multiple='false' optional='true'>Import package com.atlassian.jira.tenancy;resolution:=optional</require>
    <require name='package' filter='(&amp;(package=com.atlassian.jira.timezone))' extend='false' multiple='false' optional='true'>Import package com.atlassian.jira.timezone;resolution:=optional</require>
    <require name='package' filter='(&amp;(package=com.atlassian.jira.types))' extend='false' multiple='false' optional='true'>Import package com.atlassian.jira.types;resolution:=optional</require>
    <require name='package' filter='(&amp;(package=com.atlassian.jira.user))' extend='false' multiple='false' optional='true'>Import package com.atlassian.jira.user;resolution:=optional</require>
    <require name='package' filter='(&amp;(package=com.atlassian.jira.user.preferences))' extend='false' multiple='false' optional='true'>Import package com.atlassian.jira.user.preferences;resolution:=optional</require>
    <require name='package' filter='(&amp;(package=com.atlassian.jira.user.util))' extend='false' multiple='false' optional='true'>Import package com.atlassian.jira.user.util;resolution:=optional</require>
    <require name='package' filter='(&amp;(package=com.atlassian.jira.util))' extend='false' multiple='false' optional='true'>Import package com.atlassian.jira.util;resolution:=optional</require>
    <require name='package' filter='(&amp;(package=com.atlassian.jira.util.collect))' extend='false' multiple='false' optional='true'>Import package com.atlassian.jira.util.collect;resolution:=optional</require>
    <require name='package' filter='(&amp;(package=com.atlassian.jira.util.concurrent))' extend='false' multiple='false' optional='true'>Import package com.atlassian.jira.util.concurrent;resolution:=optional</require>
    <require name='package' filter='(&amp;(package=com.atlassian.jira.util.dbc))' extend='false' multiple='false' optional='true'>Import package com.atlassian.jira.util.dbc;resolution:=optional</require>
    <require name='package' filter='(&amp;(package=com.atlassian.jira.util.http))' extend='false' multiple='false' optional='true'>Import package com.atlassian.jira.util.http;resolution:=optional</require>
    <require name='package' filter='(&amp;(package=com.atlassian.jira.util.io))' extend='false' multiple='false' optional='true'>Import package com.atlassian.jira.util.io;resolution:=optional</require>
    <require name='package' filter='(&amp;(package=com.atlassian.jira.util.json))' extend='false' multiple='false' optional='true'>Import package com.atlassian.jira.util.json;resolution:=optional</require>
    <require name='package' filter='(&amp;(package=com.atlassian.jira.util.mime))' extend='false' multiple='false' optional='true'>Import package com.atlassian.jira.util.mime;resolution:=optional</require>
    <require name='package' filter='(&amp;(package=com.atlassian.jira.util.system))' extend='false' multiple='false' optional='true'>Import package com.atlassian.jira.util.system;resolution:=optional</require>
    <require name='package' filter='(&amp;(package=com.atlassian.jira.util.thread))' extend='false' multiple='false' optional='true'>Import package com.atlassian.jira.util.thread;resolution:=optional</require>
    <require name='package' filter='(&amp;(package=com.atlassian.jira.util.velocity))' extend='false' multiple='false' optional='true'>Import package com.atlassian.jira.util.velocity;resolution:=optional</require>
    <require name='package' filter='(&amp;(package=com.atlassian.jira.web))' extend='false' multiple='false' optional='true'>Import package com.atlassian.jira.web;resolution:=optional</require>
    <require name='package' filter='(&amp;(package=com.atlassian.jira.web.action))' extend='false' multiple='false' optional='true'>Import package com.atlassian.jira.web.action;resolution:=optional</require>
    <require name='package' filter='(&amp;(package=com.atlassian.jira.web.action.admin))' extend='false' multiple='false' optional='true'>Import package com.atlassian.jira.web.action.admin;resolution:=optional</require>
    <require name='package' filter='(&amp;(package=com.atlassian.jira.web.action.issue))' extend='false' multiple='false' optional='true'>Import package com.atlassian.jira.web.action.issue;resolution:=optional</require>
    <require name='package' filter='(&amp;(package=com.atlassian.jira.web.action.issue.bulkedit))' extend='false' multiple='false' optional='true'>Import package com.atlassian.jira.web.action.issue.bulkedit;resolution:=optional</require>
    <require name='package' filter='(&amp;(package=com.atlassian.jira.web.action.util.navigator))' extend='false' multiple='false' optional='true'>Import package com.atlassian.jira.web.action.util.navigator;resolution:=optional</require>
    <require name='package' filter='(&amp;(package=com.atlassian.jira.web.bean))' extend='false' multiple='false' optional='true'>Import package com.atlassian.jira.web.bean;resolution:=optional</require>
    <require name='package' filter='(&amp;(package=com.atlassian.jira.web.component.multigrouppicker))' extend='false' multiple='false' optional='true'>Import package com.atlassian.jira.web.component.multigrouppicker;resolution:=optional</require>
    <require name='package' filter='(&amp;(package=com.atlassian.jira.web.exception))' extend='false' multiple='false' optional='true'>Import package com.atlassian.jira.web.exception;resolution:=optional</require>
    <require name='package' filter='(&amp;(package=com.atlassian.jira.web.filters))' extend='false' multiple='false' optional='true'>Import package com.atlassian.jira.web.filters;resolution:=optional</require>
    <require name='package' filter='(&amp;(package=com.atlassian.jira.web.filters.steps))' extend='false' multiple='false' optional='true'>Import package com.atlassian.jira.web.filters.steps;resolution:=optional</require>
    <require name='package' filter='(&amp;(package=com.atlassian.jira.web.servlet))' extend='false' multiple='false' optional='true'>Import package com.atlassian.jira.web.servlet;resolution:=optional</require>
    <require name='package' filter='(&amp;(package=com.atlassian.jira.web.util))' extend='false' multiple='false' optional='true'>Import package com.atlassian.jira.web.util;resolution:=optional</require>
    <require name='package' filter='(&amp;(package=com.atlassian.jira.workflow))' extend='false' multiple='false' optional='true'>Import package com.atlassian.jira.workflow;resolution:=optional</require>
    <require name='package' filter='(&amp;(package=com.atlassian.license))' extend='false' multiple='false' optional='true'>Import package com.atlassian.license;resolution:=optional</require>
    <require name='package' filter='(&amp;(package=com.atlassian.logging.log4j))' extend='false' multiple='false' optional='true'>Import package com.atlassian.logging.log4j;resolution:=optional</require>
    <require name='package' filter='(&amp;(package=com.atlassian.mail.server))' extend='false' multiple='false' optional='true'>Import package com.atlassian.mail.server;resolution:=optional</require>
    <require name='package' filter='(&amp;(package=com.atlassian.plugin))' extend='false' multiple='false' optional='true'>Import package com.atlassian.plugin;resolution:=optional</require>
    <require name='package' filter='(&amp;(package=com.atlassian.plugin.elements))' extend='false' multiple='false' optional='true'>Import package com.atlassian.plugin.elements;resolution:=optional</require>
    <require name='package' filter='(&amp;(package=com.atlassian.plugin.event.events))' extend='false' multiple='false' optional='true'>Import package com.atlassian.plugin.event.events;resolution:=optional</require>
    <require name='package' filter='(&amp;(package=com.atlassian.plugin.osgi.factory))' extend='false' multiple='false' optional='true'>Import package com.atlassian.plugin.osgi.factory;resolution:=optional</require>
    <require name='package' filter='(&amp;(package=com.atlassian.plugin.servlet))' extend='false' multiple='false' optional='true'>Import package com.atlassian.plugin.servlet;resolution:=optional</require>
    <require name='package' filter='(&amp;(package=com.atlassian.plugin.web))' extend='false' multiple='false' optional='true'>Import package com.atlassian.plugin.web;resolution:=optional</require>
    <require name='package' filter='(&amp;(package=com.atlassian.plugin.webresource))' extend='false' multiple='false' optional='true'>Import package com.atlassian.plugin.webresource;resolution:=optional</require>
    <require name='package' filter='(&amp;(package=com.atlassian.plugin.webresource.transformer))' extend='false' multiple='false' optional='true'>Import package com.atlassian.plugin.webresource.transformer;resolution:=optional</require>
    <require name='package' filter='(&amp;(package=com.atlassian.plugins.rest.common.multipart))' extend='false' multiple='false' optional='true'>Import package com.atlassian.plugins.rest.common.multipart;resolution:=optional</require>
    <require name='package' filter='(&amp;(package=com.atlassian.plugins.rest.common.security))' extend='false' multiple='false' optional='true'>Import package com.atlassian.plugins.rest.common.security;resolution:=optional</require>
    <require name='package' filter='(&amp;(package=com.atlassian.query))' extend='false' multiple='false' optional='true'>Import package com.atlassian.query;resolution:=optional</require>
    <require name='package' filter='(&amp;(package=com.atlassian.query.clause))' extend='false' multiple='false' optional='true'>Import package com.atlassian.query.clause;resolution:=optional</require>
    <require name='package' filter='(&amp;(package=com.atlassian.query.operand))' extend='false' multiple='false' optional='true'>Import package com.atlassian.query.operand;resolution:=optional</require>
    <require name='package' filter='(&amp;(package=com.atlassian.query.operator))' extend='false' multiple='false' optional='true'>Import package com.atlassian.query.operator;resolution:=optional</require>
    <require name='package' filter='(&amp;(package=com.atlassian.query.order))' extend='false' multiple='false' optional='true'>Import package com.atlassian.query.order;resolution:=optional</require>
    <require name='package' filter='(&amp;(package=com.atlassian.renderer))' extend='false' multiple='false' optional='true'>Import package com.atlassian.renderer;resolution:=optional</require>
    <require name='package' filter='(&amp;(package=com.atlassian.renderer.v2))' extend='false' multiple='false' optional='true'>Import package com.atlassian.renderer.v2;resolution:=optional</require>
    <require name='package' filter='(&amp;(package=com.atlassian.sal.api))' extend='false' multiple='false' optional='true'>Import package com.atlassian.sal.api;resolution:=optional</require>
    <require name='package' filter='(&amp;(package=com.atlassian.sal.api.component))' extend='false' multiple='false' optional='true'>Import package com.atlassian.sal.api.component;resolution:=optional</require>
    <require name='package' filter='(&amp;(package=com.atlassian.sal.api.license))' extend='false' multiple='false' optional='true'>Import package com.atlassian.sal.api.license;resolution:=optional</require>
    <require name='package' filter='(&amp;(package=com.atlassian.sal.api.lifecycle))' extend='false' multiple='false' optional='true'>Import package com.atlassian.sal.api.lifecycle;resolution:=optional</require>
    <require name='package' filter='(&amp;(package=com.atlassian.sal.api.message))' extend='false' multiple='false' optional='true'>Import package com.atlassian.sal.api.message;resolution:=optional</require>
    <require name='package' filter='(&amp;(package=com.atlassian.sal.api.scheduling))' extend='false' multiple='false' optional='true'>Import package com.atlassian.sal.api.scheduling;resolution:=optional</require>
    <require name='package' filter='(&amp;(package=com.atlassian.sal.api.transaction))' extend='false' multiple='false' optional='true'>Import package com.atlassian.sal.api.transaction;resolution:=optional</require>
    <require name='package' filter='(&amp;(package=com.atlassian.sal.api.upgrade))' extend='false' multiple='false' optional='true'>Import package com.atlassian.sal.api.upgrade;resolution:=optional</require>
    <require name='package' filter='(&amp;(package=com.atlassian.sal.api.websudo))' extend='false' multiple='false' optional='true'>Import package com.atlassian.sal.api.websudo;resolution:=optional</require>
    <require name='package' filter='(&amp;(package=com.atlassian.scheduler))' extend='false' multiple='false' optional='true'>Import package com.atlassian.scheduler;resolution:=optional</require>
    <require name='package' filter='(&amp;(package=com.atlassian.scheduler.config))' extend='false' multiple='false' optional='true'>Import package com.atlassian.scheduler.config;resolution:=optional</require>
    <require name='package' filter='(&amp;(package=com.atlassian.scheduler.cron))' extend='false' multiple='false' optional='true'>Import package com.atlassian.scheduler.cron;resolution:=optional</require>
    <require name='package' filter='(&amp;(package=com.atlassian.scheduler.status))' extend='false' multiple='false' optional='true'>Import package com.atlassian.scheduler.status;resolution:=optional</require>
    <require name='package' filter='(&amp;(package=com.atlassian.security.random))' extend='false' multiple='false' optional='true'>Import package com.atlassian.security.random;resolution:=optional</require>
    <require name='package' filter='(&amp;(package=com.atlassian.seraph.util))' extend='false' multiple='false' optional='true'>Import package com.atlassian.seraph.util;resolution:=optional</require>
    <require name='package' filter='(&amp;(package=com.atlassian.upm.api.license))' extend='false' multiple='false' optional='true'>Import package com.atlassian.upm.api.license;resolution:=optional</require>
    <require name='package' filter='(&amp;(package=com.atlassian.upm.api.license.entity))' extend='false' multiple='false' optional='true'>Import package com.atlassian.upm.api.license.entity;resolution:=optional</require>
    <require name='package' filter='(&amp;(package=com.atlassian.upm.api.util))' extend='false' multiple='false' optional='true'>Import package com.atlassian.upm.api.util;resolution:=optional</require>
    <require name='package' filter='(&amp;(package=com.atlassian.util.concurrent))' extend='false' multiple='false' optional='true'>Import package com.atlassian.util.concurrent;resolution:=optional</require>
    <require name='package' filter='(&amp;(package=com.atlassian.util.concurrent.atomic))' extend='false' multiple='false' optional='true'>Import package com.atlassian.util.concurrent.atomic;resolution:=optional</require>
    <require name='package' filter='(&amp;(package=com.atlassian.util.profiling))' extend='false' multiple='false' optional='true'>Import package com.atlassian.util.profiling;resolution:=optional</require>
    <require name='package' filter='(&amp;(package=com.atlassian.velocity))' extend='false' multiple='false' optional='true'>Import package com.atlassian.velocity;resolution:=optional</require>
    <require name='package' filter='(&amp;(package=com.google.common.base))' extend='false' multiple='false' optional='true'>Import package com.google.common.base;resolution:=optional</require>
    <require name='package' filter='(&amp;(package=com.google.common.cache))' extend='false' multiple='false' optional='true'>Import package com.google.common.cache;resolution:=optional</require>
    <require name='package' filter='(&amp;(package=com.google.common.collect))' extend='false' multiple='false' optional='true'>Import package com.google.common.collect;resolution:=optional</require>
    <require name='package' filter='(&amp;(package=com.google.common.primitives))' extend='false' multiple='false' optional='true'>Import package com.google.common.primitives;resolution:=optional</require>
    <require name='package' filter='(&amp;(package=com.microsoft.schemas.office.powerpoint))' extend='false' multiple='false' optional='true'>Import package com.microsoft.schemas.office.powerpoint;resolution:=optional</require>
    <require name='package' filter='(&amp;(package=com.microsoft.schemas.office.word))' extend='false' multiple='false' optional='true'>Import package com.microsoft.schemas.office.word;resolution:=optional</require>
    <require name='package' filter='(&amp;(package=com.opensymphony.module.propertyset))' extend='false' multiple='false' optional='true'>Import package com.opensymphony.module.propertyset;resolution:=optional</require>
    <require name='package' filter='(&amp;(package=com.opensymphony.util))' extend='false' multiple='false' optional='true'>Import package com.opensymphony.util;resolution:=optional</require>
    <require name='package' filter='(&amp;(package=com.opensymphony.workflow))' extend='false' multiple='false' optional='true'>Import package com.opensymphony.workflow;resolution:=optional</require>
    <require name='package' filter='(&amp;(package=com.opensymphony.workflow.loader))' extend='false' multiple='false' optional='true'>Import package com.opensymphony.workflow.loader;resolution:=optional</require>
    <require name='package' filter='(&amp;(package=com.sun.javadoc))' extend='false' multiple='false' optional='true'>Import package com.sun.javadoc;resolution:=optional</require>
    <require name='package' filter='(&amp;(package=com.sun.jersey.api.client))' extend='false' multiple='false' optional='true'>Import package com.sun.jersey.api.client;resolution:=optional</require>
    <require name='package' filter='(&amp;(package=com.sun.jersey.spi.container))' extend='false' multiple='false' optional='true'>Import package com.sun.jersey.spi.container;resolution:=optional</require>
    <require name='package' filter='(&amp;(package=com.sun.msv.grammar))' extend='false' multiple='false' optional='true'>Import package com.sun.msv.grammar;resolution:=optional</require>
    <require name='package' filter='(&amp;(package=com.sun.msv.grammar.trex))' extend='false' multiple='false' optional='true'>Import package com.sun.msv.grammar.trex;resolution:=optional</require>
    <require name='package' filter='(&amp;(package=com.sun.msv.grammar.xmlschema))' extend='false' multiple='false' optional='true'>Import package com.sun.msv.grammar.xmlschema;resolution:=optional</require>
    <require name='package' filter='(&amp;(package=com.sun.msv.reader))' extend='false' multiple='false' optional='true'>Import package com.sun.msv.reader;resolution:=optional</require>
    <require name='package' filter='(&amp;(package=com.sun.msv.reader.trex.ng))' extend='false' multiple='false' optional='true'>Import package com.sun.msv.reader.trex.ng;resolution:=optional</require>
    <require name='package' filter='(&amp;(package=com.sun.msv.reader.util))' extend='false' multiple='false' optional='true'>Import package com.sun.msv.reader.util;resolution:=optional</require>
    <require name='package' filter='(&amp;(package=com.sun.msv.reader.xmlschema))' extend='false' multiple='false' optional='true'>Import package com.sun.msv.reader.xmlschema;resolution:=optional</require>
    <require name='package' filter='(&amp;(package=com.sun.msv.util))' extend='false' multiple='false' optional='true'>Import package com.sun.msv.util;resolution:=optional</require>
    <require name='package' filter='(&amp;(package=com.sun.msv.verifier))' extend='false' multiple='false' optional='true'>Import package com.sun.msv.verifier;resolution:=optional</require>
    <require name='package' filter='(&amp;(package=com.sun.msv.verifier.regexp))' extend='false' multiple='false' optional='true'>Import package com.sun.msv.verifier.regexp;resolution:=optional</require>
    <require name='package' filter='(&amp;(package=com.sun.msv.verifier.regexp.xmlschema))' extend='false' multiple='false' optional='true'>Import package com.sun.msv.verifier.regexp.xmlschema;resolution:=optional</require>
    <require name='package' filter='(&amp;(package=com.sun.tools.javadoc))' extend='false' multiple='false' optional='true'>Import package com.sun.tools.javadoc;resolution:=optional</require>
    <require name='package' filter='(&amp;(package=com.thed.zephyr.zapi.component))' extend='false' multiple='false' optional='true'>Import package com.thed.zephyr.zapi.component;resolution:=optional</require>
    <require name='package' filter='(&amp;(package=io.atlassian.fugue))' extend='false' multiple='false' optional='true'>Import package io.atlassian.fugue;resolution:=optional</require>
    <require name='package' filter='(&amp;(package=javax.activation))' extend='false' multiple='false' optional='true'>Import package javax.activation;resolution:=optional</require>
    <require name='package' filter='(&amp;(package=javax.annotation))' extend='false' multiple='false' optional='true'>Import package javax.annotation;resolution:=optional</require>
    <require name='package' filter='(&amp;(package=javax.crypto))' extend='false' multiple='false' optional='true'>Import package javax.crypto;resolution:=optional</require>
    <require name='package' filter='(&amp;(package=javax.crypto.spec))' extend='false' multiple='false' optional='true'>Import package javax.crypto.spec;resolution:=optional</require>
    <require name='package' filter='(&amp;(package=javax.enterprise.context))' extend='false' multiple='false' optional='true'>Import package javax.enterprise.context;resolution:=optional</require>
    <require name='package' filter='(&amp;(package=javax.enterprise.util))' extend='false' multiple='false' optional='true'>Import package javax.enterprise.util;resolution:=optional</require>
    <require name='package' filter='(&amp;(package=javax.imageio))' extend='false' multiple='false' optional='true'>Import package javax.imageio;resolution:=optional</require>
    <require name='package' filter='(&amp;(package=javax.imageio.metadata))' extend='false' multiple='false' optional='true'>Import package javax.imageio.metadata;resolution:=optional</require>
    <require name='package' filter='(&amp;(package=javax.imageio.stream))' extend='false' multiple='false' optional='true'>Import package javax.imageio.stream;resolution:=optional</require>
    <require name='package' filter='(&amp;(package=javax.interceptor))' extend='false' multiple='false' optional='true'>Import package javax.interceptor;resolution:=optional</require>
    <require name='package' filter='(&amp;(package=javax.net.ssl))' extend='false' multiple='false' optional='true'>Import package javax.net.ssl;resolution:=optional</require>
    <require name='package' filter='(&amp;(package=javax.portlet))' extend='false' multiple='false' optional='true'>Import package javax.portlet;resolution:=optional</require>
    <require name='package' filter='(&amp;(package=javax.security.auth.x500))' extend='false' multiple='false' optional='true'>Import package javax.security.auth.x500;resolution:=optional</require>
    <require name='package' filter='(&amp;(package=javax.servlet))' extend='false' multiple='false' optional='true'>Import package javax.servlet;resolution:=optional</require>
    <require name='package' filter='(&amp;(package=javax.servlet.http))' extend='false' multiple='false' optional='true'>Import package javax.servlet.http;resolution:=optional</require>
    <require name='package' filter='(&amp;(package=javax.swing))' extend='false' multiple='false' optional='true'>Import package javax.swing;resolution:=optional</require>
    <require name='package' filter='(&amp;(package=javax.ws.rs))' extend='false' multiple='false' optional='true'>Import package javax.ws.rs;resolution:=optional</require>
    <require name='package' filter='(&amp;(package=javax.ws.rs.core))' extend='false' multiple='false' optional='true'>Import package javax.ws.rs.core;resolution:=optional</require>
    <require name='package' filter='(&amp;(package=javax.xml.bind))' extend='false' multiple='false' optional='true'>Import package javax.xml.bind;resolution:=optional</require>
    <require name='package' filter='(&amp;(package=javax.xml.bind.annotation))' extend='false' multiple='false' optional='true'>Import package javax.xml.bind.annotation;resolution:=optional</require>
    <require name='package' filter='(&amp;(package=javax.xml.bind.annotation.adapters))' extend='false' multiple='false' optional='true'>Import package javax.xml.bind.annotation.adapters;resolution:=optional</require>
    <require name='package' filter='(&amp;(package=javax.xml.crypto))' extend='false' multiple='false' optional='true'>Import package javax.xml.crypto;resolution:=optional</require>
    <require name='package' filter='(&amp;(package=javax.xml.crypto.dom))' extend='false' multiple='false' optional='true'>Import package javax.xml.crypto.dom;resolution:=optional</require>
    <require name='package' filter='(&amp;(package=javax.xml.crypto.dsig))' extend='false' multiple='false' optional='true'>Import package javax.xml.crypto.dsig;resolution:=optional</require>
    <require name='package' filter='(&amp;(package=javax.xml.crypto.dsig.dom))' extend='false' multiple='false' optional='true'>Import package javax.xml.crypto.dsig.dom;resolution:=optional</require>
    <require name='package' filter='(&amp;(package=javax.xml.crypto.dsig.keyinfo))' extend='false' multiple='false' optional='true'>Import package javax.xml.crypto.dsig.keyinfo;resolution:=optional</require>
    <require name='package' filter='(&amp;(package=javax.xml.crypto.dsig.spec))' extend='false' multiple='false' optional='true'>Import package javax.xml.crypto.dsig.spec;resolution:=optional</require>
    <require name='package' filter='(&amp;(package=javax.xml.parsers))' extend='false' multiple='false' optional='true'>Import package javax.xml.parsers;resolution:=optional</require>
    <require name='package' filter='(&amp;(package=javax.xml.transform))' extend='false' multiple='false' optional='true'>Import package javax.xml.transform;resolution:=optional</require>
    <require name='package' filter='(&amp;(package=javax.xml.transform.dom))' extend='false' multiple='false' optional='true'>Import package javax.xml.transform.dom;resolution:=optional</require>
    <require name='package' filter='(&amp;(package=javax.xml.transform.sax))' extend='false' multiple='false' optional='true'>Import package javax.xml.transform.sax;resolution:=optional</require>
    <require name='package' filter='(&amp;(package=javax.xml.transform.stream))' extend='false' multiple='false' optional='true'>Import package javax.xml.transform.stream;resolution:=optional</require>
    <require name='package' filter='(&amp;(package=javax.xml.validation))' extend='false' multiple='false' optional='true'>Import package javax.xml.validation;resolution:=optional</require>
    <require name='package' filter='(&amp;(package=javax.xml.xpath))' extend='false' multiple='false' optional='true'>Import package javax.xml.xpath;resolution:=optional</require>
    <require name='package' filter='(&amp;(package=junit.framework))' extend='false' multiple='false' optional='true'>Import package junit.framework;resolution:=optional</require>
    <require name='package' filter='(&amp;(package=net.java.ao))' extend='false' multiple='false' optional='true'>Import package net.java.ao;resolution:=optional</require>
    <require name='package' filter='(&amp;(package=net.java.ao.schema))' extend='false' multiple='false' optional='true'>Import package net.java.ao.schema;resolution:=optional</require>
    <require name='package' filter='(&amp;(package=net.jcip.annotations))' extend='false' multiple='false' optional='true'>Import package net.jcip.annotations;resolution:=optional</require>
    <require name='package' filter='(&amp;(package=org.aopalliance.intercept))' extend='false' multiple='false' optional='true'>Import package org.aopalliance.intercept;resolution:=optional</require>
    <require name='package' filter='(&amp;(package=org.apache.commons.beanutils))' extend='false' multiple='false' optional='true'>Import package org.apache.commons.beanutils;resolution:=optional</require>
    <require name='package' filter='(&amp;(package=org.apache.commons.collections))' extend='false' multiple='false' optional='true'>Import package org.apache.commons.collections;resolution:=optional</require>
    <require name='package' filter='(&amp;(package=org.apache.commons.collections.functors))' extend='false' multiple='false' optional='true'>Import package org.apache.commons.collections.functors;resolution:=optional</require>
    <require name='package' filter='(&amp;(package=org.apache.commons.collections.map))' extend='false' multiple='false' optional='true'>Import package org.apache.commons.collections.map;resolution:=optional</require>
    <require name='package' filter='(&amp;(package=org.apache.commons.httpclient))' extend='false' multiple='false' optional='true'>Import package org.apache.commons.httpclient;resolution:=optional</require>
    <require name='package' filter='(&amp;(package=org.apache.commons.httpclient.methods))' extend='false' multiple='false' optional='true'>Import package org.apache.commons.httpclient.methods;resolution:=optional</require>
    <require name='package' filter='(&amp;(package=org.apache.commons.httpclient.params))' extend='false' multiple='false' optional='true'>Import package org.apache.commons.httpclient.params;resolution:=optional</require>
    <require name='package' filter='(&amp;(package=org.apache.commons.lang))' extend='false' multiple='false' optional='true'>Import package org.apache.commons.lang;resolution:=optional</require>
    <require name='package' filter='(&amp;(package=org.apache.commons.lang.builder))' extend='false' multiple='false' optional='true'>Import package org.apache.commons.lang.builder;resolution:=optional</require>
    <require name='package' filter='(&amp;(package=org.apache.commons.lang.math))' extend='false' multiple='false' optional='true'>Import package org.apache.commons.lang.math;resolution:=optional</require>
    <require name='package' filter='(&amp;(package=org.apache.commons.lang.time))' extend='false' multiple='false' optional='true'>Import package org.apache.commons.lang.time;resolution:=optional</require>
    <require name='package' filter='(&amp;(package=org.apache.commons.lang3))' extend='false' multiple='false' optional='true'>Import package org.apache.commons.lang3;resolution:=optional</require>
    <require name='package' filter='(&amp;(package=org.apache.commons.lang3.math))' extend='false' multiple='false' optional='true'>Import package org.apache.commons.lang3.math;resolution:=optional</require>
    <require name='package' filter='(&amp;(package=org.apache.commons.logging))' extend='false' multiple='false' optional='true'>Import package org.apache.commons.logging;resolution:=optional</require>
    <require name='package' filter='(&amp;(package=org.apache.crimson.jaxp))' extend='false' multiple='false' optional='true'>Import package org.apache.crimson.jaxp;resolution:=optional</require>
    <require name='package' filter='(&amp;(package=org.apache.http.client.utils))' extend='false' multiple='false' optional='true'>Import package org.apache.http.client.utils;resolution:=optional</require>
    <require name='package' filter='(&amp;(package=org.apache.http.message))' extend='false' multiple='false' optional='true'>Import package org.apache.http.message;resolution:=optional</require>
    <require name='package' filter='(&amp;(package=org.apache.jcp.xml.dsig.internal.dom))' extend='false' multiple='false' optional='true'>Import package org.apache.jcp.xml.dsig.internal.dom;resolution:=optional</require>
    <require name='package' filter='(&amp;(package=org.apache.log4j))' extend='false' multiple='false' optional='true'>Import package org.apache.log4j;resolution:=optional</require>
    <require name='package' filter='(&amp;(package=org.apache.lucene.analysis))' extend='false' multiple='false' optional='true'>Import package org.apache.lucene.analysis;resolution:=optional</require>
    <require name='package' filter='(&amp;(package=org.apache.lucene.analysis.core))' extend='false' multiple='false' optional='true'>Import package org.apache.lucene.analysis.core;resolution:=optional</require>
    <require name='package' filter='(&amp;(package=org.apache.lucene.document))' extend='false' multiple='false' optional='true'>Import package org.apache.lucene.document;resolution:=optional</require>
    <require name='package' filter='(&amp;(package=org.apache.lucene.index))' extend='false' multiple='false' optional='true'>Import package org.apache.lucene.index;resolution:=optional</require>
    <require name='package' filter='(&amp;(package=org.apache.lucene.queryparser.classic))' extend='false' multiple='false' optional='true'>Import package org.apache.lucene.queryparser.classic;resolution:=optional</require>
    <require name='package' filter='(&amp;(package=org.apache.lucene.search))' extend='false' multiple='false' optional='true'>Import package org.apache.lucene.search;resolution:=optional</require>
    <require name='package' filter='(&amp;(package=org.apache.lucene.search.similarities))' extend='false' multiple='false' optional='true'>Import package org.apache.lucene.search.similarities;resolution:=optional</require>
    <require name='package' filter='(&amp;(package=org.apache.lucene.store))' extend='false' multiple='false' optional='true'>Import package org.apache.lucene.store;resolution:=optional</require>
    <require name='package' filter='(&amp;(package=org.apache.lucene.util))' extend='false' multiple='false' optional='true'>Import package org.apache.lucene.util;resolution:=optional</require>
    <require name='package' filter='(&amp;(package=org.apache.poi.hsmf))' extend='false' multiple='false' optional='true'>Import package org.apache.poi.hsmf;resolution:=optional</require>
    <require name='package' filter='(&amp;(package=org.apache.poi.hsmf.datatypes))' extend='false' multiple='false' optional='true'>Import package org.apache.poi.hsmf.datatypes;resolution:=optional</require>
    <require name='package' filter='(&amp;(package=org.apache.poi.hsmf.extractor))' extend='false' multiple='false' optional='true'>Import package org.apache.poi.hsmf.extractor;resolution:=optional</require>
    <require name='package' filter='(&amp;(package=org.apache.poi.hwpf.extractor))' extend='false' multiple='false' optional='true'>Import package org.apache.poi.hwpf.extractor;resolution:=optional</require>
    <require name='package' filter='(&amp;(package=org.apache.tools.ant))' extend='false' multiple='false' optional='true'>Import package org.apache.tools.ant;resolution:=optional</require>
    <require name='package' filter='(&amp;(package=org.apache.tools.ant.taskdefs))' extend='false' multiple='false' optional='true'>Import package org.apache.tools.ant.taskdefs;resolution:=optional</require>
    <require name='package' filter='(&amp;(package=org.apache.tools.ant.types))' extend='false' multiple='false' optional='true'>Import package org.apache.tools.ant.types;resolution:=optional</require>
    <require name='package' filter='(&amp;(package=org.apache.velocity.exception))' extend='false' multiple='false' optional='true'>Import package org.apache.velocity.exception;resolution:=optional</require>
    <require name='package' filter='(&amp;(package=org.apache.xml.resolver))' extend='false' multiple='false' optional='true'>Import package org.apache.xml.resolver;resolution:=optional</require>
    <require name='package' filter='(&amp;(package=org.apache.xml.resolver.tools))' extend='false' multiple='false' optional='true'>Import package org.apache.xml.resolver.tools;resolution:=optional</require>
    <require name='package' filter='(&amp;(package=org.apache.xml.security))' extend='false' multiple='false' optional='true'>Import package org.apache.xml.security;resolution:=optional</require>
    <require name='package' filter='(&amp;(package=org.apache.xml.security.c14n))' extend='false' multiple='false' optional='true'>Import package org.apache.xml.security.c14n;resolution:=optional</require>
    <require name='package' filter='(&amp;(package=org.apache.xml.security.signature))' extend='false' multiple='false' optional='true'>Import package org.apache.xml.security.signature;resolution:=optional</require>
    <require name='package' filter='(&amp;(package=org.apache.xml.security.utils))' extend='false' multiple='false' optional='true'>Import package org.apache.xml.security.utils;resolution:=optional</require>
    <require name='package' filter='(&amp;(package=org.bouncycastle.asn1))' extend='false' multiple='false' optional='true'>Import package org.bouncycastle.asn1;resolution:=optional</require>
    <require name='package' filter='(&amp;(package=org.bouncycastle.asn1.cmp))' extend='false' multiple='false' optional='true'>Import package org.bouncycastle.asn1.cmp;resolution:=optional</require>
    <require name='package' filter='(&amp;(package=org.bouncycastle.asn1.nist))' extend='false' multiple='false' optional='true'>Import package org.bouncycastle.asn1.nist;resolution:=optional</require>
    <require name='package' filter='(&amp;(package=org.bouncycastle.asn1.ocsp))' extend='false' multiple='false' optional='true'>Import package org.bouncycastle.asn1.ocsp;resolution:=optional</require>
    <require name='package' filter='(&amp;(package=org.bouncycastle.asn1.x500))' extend='false' multiple='false' optional='true'>Import package org.bouncycastle.asn1.x500;resolution:=optional</require>
    <require name='package' filter='(&amp;(package=org.bouncycastle.asn1.x509))' extend='false' multiple='false' optional='true'>Import package org.bouncycastle.asn1.x509;resolution:=optional</require>
    <require name='package' filter='(&amp;(package=org.bouncycastle.cert))' extend='false' multiple='false' optional='true'>Import package org.bouncycastle.cert;resolution:=optional</require>
    <require name='package' filter='(&amp;(package=org.bouncycastle.cert.jcajce))' extend='false' multiple='false' optional='true'>Import package org.bouncycastle.cert.jcajce;resolution:=optional</require>
    <require name='package' filter='(&amp;(package=org.bouncycastle.cert.ocsp))' extend='false' multiple='false' optional='true'>Import package org.bouncycastle.cert.ocsp;resolution:=optional</require>
    <require name='package' filter='(&amp;(package=org.bouncycastle.cms))' extend='false' multiple='false' optional='true'>Import package org.bouncycastle.cms;resolution:=optional</require>
    <require name='package' filter='(&amp;(package=org.bouncycastle.cms.bc))' extend='false' multiple='false' optional='true'>Import package org.bouncycastle.cms.bc;resolution:=optional</require>
    <require name='package' filter='(&amp;(package=org.bouncycastle.operator))' extend='false' multiple='false' optional='true'>Import package org.bouncycastle.operator;resolution:=optional</require>
    <require name='package' filter='(&amp;(package=org.bouncycastle.operator.bc))' extend='false' multiple='false' optional='true'>Import package org.bouncycastle.operator.bc;resolution:=optional</require>
    <require name='package' filter='(&amp;(package=org.bouncycastle.tsp))' extend='false' multiple='false' optional='true'>Import package org.bouncycastle.tsp;resolution:=optional</require>
    <require name='package' filter='(&amp;(package=org.bouncycastle.util))' extend='false' multiple='false' optional='true'>Import package org.bouncycastle.util;resolution:=optional</require>
    <require name='package' filter='(&amp;(package=org.codehaus.jackson))' extend='false' multiple='false' optional='true'>Import package org.codehaus.jackson;resolution:=optional</require>
    <require name='package' filter='(&amp;(package=org.codehaus.jackson.annotate))' extend='false' multiple='false' optional='true'>Import package org.codehaus.jackson.annotate;resolution:=optional</require>
    <require name='package' filter='(&amp;(package=org.codehaus.jackson.map))' extend='false' multiple='false' optional='true'>Import package org.codehaus.jackson.map;resolution:=optional</require>
    <require name='package' filter='(&amp;(package=org.codehaus.jackson.map.introspect))' extend='false' multiple='false' optional='true'>Import package org.codehaus.jackson.map.introspect;resolution:=optional</require>
    <require name='package' filter='(&amp;(package=org.codehaus.jackson.type))' extend='false' multiple='false' optional='true'>Import package org.codehaus.jackson.type;resolution:=optional</require>
    <require name='package' filter='(&amp;(package=org.dom4j))' extend='false' multiple='false' optional='true'>Import package org.dom4j;resolution:=optional</require>
    <require name='package' filter='(&amp;(package=org.etsi.uri.x01903.v14))' extend='false' multiple='false' optional='true'>Import package org.etsi.uri.x01903.v14;resolution:=optional</require>
    <require name='package' filter='(&amp;(package=org.jfree.data.time))' extend='false' multiple='false' optional='true'>Import package org.jfree.data.time;resolution:=optional</require>
    <require name='package' filter='(&amp;(package=org.jfree.util))' extend='false' multiple='false' optional='true'>Import package org.jfree.util;resolution:=optional</require>
    <require name='package' filter='(&amp;(package=org.joda.time))' extend='false' multiple='false' optional='true'>Import package org.joda.time;resolution:=optional</require>
    <require name='package' filter='(&amp;(package=org.joda.time.format))' extend='false' multiple='false' optional='true'>Import package org.joda.time.format;resolution:=optional</require>
    <require name='package' filter='(&amp;(package=org.junit))' extend='false' multiple='false' optional='true'>Import package org.junit;resolution:=optional</require>
    <require name='package' filter='(&amp;(package=org.junit.internal))' extend='false' multiple='false' optional='true'>Import package org.junit.internal;resolution:=optional</require>
    <require name='package' filter='(&amp;(package=org.junit.runner))' extend='false' multiple='false' optional='true'>Import package org.junit.runner;resolution:=optional</require>
    <require name='package' filter='(&amp;(package=org.junit.runner.notification))' extend='false' multiple='false' optional='true'>Import package org.junit.runner.notification;resolution:=optional</require>
    <require name='package' filter='(&amp;(package=org.ofbiz.core.entity))' extend='false' multiple='false' optional='true'>Import package org.ofbiz.core.entity;resolution:=optional</require>
    <require name='package' filter='(&amp;(package=org.ofbiz.core.entity.jdbc))' extend='false' multiple='false' optional='true'>Import package org.ofbiz.core.entity.jdbc;resolution:=optional</require>
    <require name='package' filter='(&amp;(package=org.ofbiz.core.util))' extend='false' multiple='false' optional='true'>Import package org.ofbiz.core.util;resolution:=optional</require>
    <require name='package' filter='(&amp;(package=org.omg.CORBA))' extend='false' multiple='false' optional='true'>Import package org.omg.CORBA;resolution:=optional</require>
    <require name='package' filter='(&amp;(package=org.omg.CORBA.portable))' extend='false' multiple='false' optional='true'>Import package org.omg.CORBA.portable;resolution:=optional</require>
    <require name='package' filter='(&amp;(package=org.openxmlformats.schemas.officeDocument.x2006.math))' extend='false' multiple='false' optional='true'>Import package org.openxmlformats.schemas.officeDocument.x2006.math;resolution:=optional</require>
    <require name='package' filter='(&amp;(package=org.openxmlformats.schemas.schemaLibrary.x2006.main))' extend='false' multiple='false' optional='true'>Import package org.openxmlformats.schemas.schemaLibrary.x2006.main;resolution:=optional</require>
    <require name='package' filter='(&amp;(package=org.osgi.framework))' extend='false' multiple='false' optional='true'>Import package org.osgi.framework;resolution:=optional</require>
    <require name='package' filter='(&amp;(package=org.osgi.util.tracker))' extend='false' multiple='false' optional='true'>Import package org.osgi.util.tracker;resolution:=optional</require>
    <require name='package' filter='(&amp;(package=org.relaxng.datatype))' extend='false' multiple='false' optional='true'>Import package org.relaxng.datatype;resolution:=optional</require>
    <require name='package' filter='(&amp;(package=org.slf4j))' extend='false' multiple='false' optional='true'>Import package org.slf4j;resolution:=optional</require>
    <require name='package' filter='(&amp;(package=org.springframework.aop.support))' extend='false' multiple='false' optional='true'>Import package org.springframework.aop.support;resolution:=optional</require>
    <require name='package' filter='(&amp;(package=org.springframework.beans.factory))' extend='false' multiple='false' optional='true'>Import package org.springframework.beans.factory;resolution:=optional</require>
    <require name='package' filter='(&amp;(package=org.springframework.beans.factory.config))' extend='false' multiple='false' optional='true'>Import package org.springframework.beans.factory.config;resolution:=optional</require>
    <require name='package' filter='(&amp;(package=org.springframework.context))' extend='false' multiple='false' optional='true'>Import package org.springframework.context;resolution:=optional</require>
    <require name='package' filter='(&amp;(package=org.springframework.stereotype))' extend='false' multiple='false' optional='true'>Import package org.springframework.stereotype;resolution:=optional</require>
    <require name='package' filter='(&amp;(package=org.springframework.util))' extend='false' multiple='false' optional='true'>Import package org.springframework.util;resolution:=optional</require>
    <require name='package' filter='(&amp;(package=org.w3c.dom))' extend='false' multiple='false' optional='true'>Import package org.w3c.dom;resolution:=optional</require>
    <require name='package' filter='(&amp;(package=org.w3c.dom.events))' extend='false' multiple='false' optional='true'>Import package org.w3c.dom.events;resolution:=optional</require>
    <require name='package' filter='(&amp;(package=org.w3c.dom.ls))' extend='false' multiple='false' optional='true'>Import package org.w3c.dom.ls;resolution:=optional</require>
    <require name='package' filter='(&amp;(package=org.xml.sax))' extend='false' multiple='false' optional='true'>Import package org.xml.sax;resolution:=optional</require>
    <require name='package' filter='(&amp;(package=org.xml.sax.ext))' extend='false' multiple='false' optional='true'>Import package org.xml.sax.ext;resolution:=optional</require>
    <require name='package' filter='(&amp;(package=org.xml.sax.helpers))' extend='false' multiple='false' optional='true'>Import package org.xml.sax.helpers;resolution:=optional</require>
    <require name='package' filter='(&amp;(package=webwork.action))' extend='false' multiple='false' optional='true'>Import package webwork.action;resolution:=optional</require>
    <require name='package' filter='(&amp;(package=webwork.config))' extend='false' multiple='false' optional='true'>Import package webwork.config;resolution:=optional</require>
    <require name='package' filter='(&amp;(package=webwork.multipart))' extend='false' multiple='false' optional='true'>Import package webwork.multipart;resolution:=optional</require>
    <require name='package' filter='(&amp;(package=org.aopalliance.aop))' extend='false' multiple='false' optional='false'>Import package org.aopalliance.aop</require>
    <require name='package' filter='(&amp;(package=org.springframework.aop))' extend='false' multiple='false' optional='false'>Import package org.springframework.aop</require>
    <require name='package' filter='(&amp;(package=org.springframework.aop.framework))' extend='false' multiple='false' optional='false'>Import package org.springframework.aop.framework</require>
  </resource>
</repository>