<atlassian-plugin plugins-version="2">

    <web-section key="scriptrunner_section_stash" name="ScriptRunner Admin Section" location="atl.admin"
                 i18n-name-key="item.groovy.runner.label" weight="150" application="bitbucket">
        <label key="item.groovy.runner.websection.label"/>
    </web-section>

    <web-item key="scriptrunner_item" name="ScriptRunner" section="atl.admin/scriptrunner_section_stash" weight="15">
        <label key="item.groovy.runner.websection.label"/>
        <link linkId="scriptrunner_unlicensed">/plugins/servlet/scriptrunner/unlicensed</link>
    </web-item>

</atlassian-plugin>
